hid,bid,token_count,token_sequence
52054,CA_201720180AB92,18,PRESIDING_CHAIR -> BILL_AUTHOR -> PRESIDING_CHAIR -> BILL_AUTHOR -> PRESIDING_CHAIR -> PUBLIC -> PUBLIC -> PUBLIC -> PRESIDING_CHAIR -> PRESIDING_CHAIR -> PRESIDING_CHAIR -> BILL_AUTHOR -> SECRETARY -> PUBLIC -> SECRETARY -> PRESIDING_CHAIR -> BILL_AUTHOR -> PRESIDING_CHAIR
52363,CA_201720180AB1223,27,BILL_AUTHOR -> PUBLIC -> PRESIDING_CHAIR -> PUBLIC -> PUBLIC -> PUBLIC -> PRESIDING_CHAIR -> PUBLIC -> PRESIDING_CHAIR -> BILL_AUTHOR -> PRESIDING_CHAIR -> SECRETARY -> PRESIDING_CHAIR -> BILL_AUTHOR -> PRESIDING_CHAIR -> PRESIDING_CHAIR -> PRESIDING_CHAIR -> SECRETARY -> PRESIDING_CHAIR -> PRESIDING_CHAIR -> SECRETARY -> PRESIDING_CHAIR -> SECRETARY -> PRESIDING_CHAIR -> PRESIDING_CHAIR -> COMMITTEE_MEMBER -> PUBLIC
52363,CA_201720180AB77,25,PRESIDING_CHAIR -> BILL_AUTHOR -> PRESIDING_CHAIR -> PUBLIC -> PRESIDING_CHAIR -> SECRETARY -> PRESIDING_CHAIR -> PUBLIC -> PRESIDING_CHAIR -> PUBLIC -> PUBLIC -> PRESIDING_CHAIR -> PUBLIC -> PRESIDING_CHAIR -> PUBLIC -> PRESIDING_CHAIR -> PRESIDING_CHAIR -> BILL_AUTHOR -> PRESIDING_CHAIR -> BILL_AUTHOR -> PRESIDING_CHAIR -> SECRETARY -> PRESIDING_CHAIR -> BILL_AUTHOR -> PRESIDING_CHAIR
52780,CA_201720180AB262,11,PRESIDING_CHAIR -> SECRETARY -> BILL_AUTHOR -> PRESIDING_CHAIR -> BILL_AUTHOR -> SECRETARY -> PRESIDING_CHAIR -> BILL_AUTHOR -> SECRETARY -> PRESIDING_CHAIR -> BILL_AUTHOR
52773,CA_201720180AB749,33,PRESIDING_CHAIR -> SECRETARY -> PRESIDING_CHAIR -> BILL_AUTHOR -> PRESIDING_CHAIR -> PUBLIC -> PUBLIC -> PRESIDING_CHAIR -> PUBLIC -> PRESIDING_CHAIR -> PUBLIC -> PUBLIC -> PUBLIC -> PRESIDING_CHAIR -> PUBLIC -> PRESIDING_CHAIR -> PUBLIC -> PRESIDING_CHAIR -> BILL_AUTHOR -> PRESIDING_CHAIR -> PRESIDING_CHAIR -> BILL_AUTHOR -> PRESIDING_CHAIR -> BILL_AUTHOR -> PRESIDING_CHAIR -> SECRETARY -> BILL_AUTHOR -> SECRETARY -> PRESIDING_CHAIR -> SECRETARY -> PRESIDING_CHAIR -> SECRETARY -> PRESIDING_CHAIR
52773,CA_201720180AB32,9,PRESIDING_CHAIR -> BILL_AUTHOR -> PRESIDING_CHAIR -> PRESIDING_CHAIR -> BILL_AUTHOR -> PRESIDING_CHAIR -> PRESIDING_CHAIR -> COMMITTEE_MEMBER -> BILL_AUTHOR
54113,CA_201720180SB574,53,PRESIDING_CHAIR -> PUBLIC -> PRESIDING_CHAIR -> PUBLIC -> PRESIDING_CHAIR -> PUBLIC -> PUBLIC -> PRESIDING_CHAIR -> PUBLIC -> PRESIDING_CHAIR -> PUBLIC -> PRESIDING_CHAIR -> PRESIDING_CHAIR -> PRESIDING_CHAIR -> BILL_AUTHOR -> PRESIDING_CHAIR -> SECRETARY -> PRESIDING_CHAIR -> BILL_AUTHOR -> SECRETARY -> BILL_AUTHOR -> PRESIDING_CHAIR -> BILL_AUTHOR -> PUBLIC -> BILL_AUTHOR -> PRESIDING_CHAIR -> SECRETARY -> PRESIDING_CHAIR -> PUBLIC -> PRESIDING_CHAIR -> PUBLIC -> PRESIDING_CHAIR -> PUBLIC -> PRESIDING_CHAIR -> PUBLIC -> PRESIDING_CHAIR -> PUBLIC -> PRESIDING_CHAIR -> PUBLIC -> PRESIDING_CHAIR -> PUBLIC -> PRESIDING_CHAIR -> PRESIDING_CHAIR -> PRESIDING_CHAIR -> BILL_AUTHOR -> PRESIDING_CHAIR -> SECRETARY -> PRESIDING_CHAIR -> SECRETARY -> PRESIDING_CHAIR -> BILL_AUTHOR -> SECRETARY -> BILL_AUTHOR
54013,CA_201720180SJR6,12,NONLEGISLATOR -> PRESIDING_CHAIR -> SECRETARY -> PRESIDING_CHAIR -> PRESIDING_CHAIR -> COMMITTEE_MEMBER -> PRESIDING_CHAIR -> BILL_AUTHOR -> SECRETARY -> PRESIDING_CHAIR -> SECRETARY -> PRESIDING_CHAIR
254735,CA_201720180AB2361,29,PRESIDING_CHAIR -> BILL_AUTHOR -> PRESIDING_CHAIR -> EXPERT -> PRESIDING_CHAIR -> BILL_AUTHOR -> PRESIDING_CHAIR -> PUBLIC -> PUBLIC -> PRESIDING_CHAIR -> PRESIDING_CHAIR -> BILL_AUTHOR -> PRESIDING_CHAIR -> PRESIDING_CHAIR -> PRESIDING_CHAIR -> COMMITTEE_MEMBER -> PRESIDING_CHAIR -> COMMITTEE_MEMBER -> BILL_AUTHOR -> PRESIDING_CHAIR -> BILL_AUTHOR -> PRESIDING_CHAIR -> BILL_AUTHOR -> PRESIDING_CHAIR -> SECRETARY -> PRESIDING_CHAIR -> EXPERT -> BILL_AUTHOR -> PRESIDING_CHAIR
254735,CA_201720180AB2729,22,PRESIDING_CHAIR -> BILL_AUTHOR -> PRESIDING_CHAIR -> BILL_AUTHOR -> PRESIDING_CHAIR -> EXPERT -> PUBLIC -> PRESIDING_CHAIR -> BILL_AUTHOR -> PRESIDING_CHAIR -> SECRETARY -> PRESIDING_CHAIR -> PRESIDING_CHAIR -> PRESIDING_CHAIR -> COMMITTEE_MEMBER -> PRESIDING_CHAIR -> COMMITTEE_MEMBER -> PRESIDING_CHAIR -> SECRETARY -> PRESIDING_CHAIR -> SECRETARY -> PRESIDING_CHAIR
52364,CA_201720180AB275,39,PRESIDING_CHAIR -> BILL_AUTHOR -> PRESIDING_CHAIR -> PUBLIC -> PRESIDING_CHAIR -> PUBLIC -> PUBLIC -> PUBLIC -> PUBLIC -> PUBLIC -> PUBLIC -> PUBLIC -> PUBLIC -> PUBLIC -> PUBLIC -> PUBLIC -> PUBLIC -> PUBLIC -> PUBLIC -> PUBLIC -> PUBLIC -> PUBLIC -> PUBLIC -> PUBLIC -> PUBLIC -> PUBLIC -> PRESIDING_CHAIR -> SECRETARY -> PRESIDING_CHAIR -> SECRETARY -> PRESIDING_CHAIR -> PRESIDING_CHAIR -> PRESIDING_CHAIR -> PRESIDING_CHAIR -> PRESIDING_CHAIR -> BILL_AUTHOR -> PRESIDING_CHAIR -> SECRETARY -> PRESIDING_CHAIR
52997,CA_201720180AB519,54,PRESIDING_CHAIR -> SECRETARY -> PRESIDING_CHAIR -> SECRETARY -> PRESIDING_CHAIR -> SECRETARY -> COMMITTEE_MEMBER -> SECRETARY -> COMMITTEE_MEMBER -> PRESIDING_CHAIR -> BILL_AUTHOR -> PRESIDING_CHAIR -> BILL_AUTHOR -> EXPERT -> PRESIDING_CHAIR -> PUBLIC -> PRESIDING_CHAIR -> PUBLIC -> PRESIDING_CHAIR -> PUBLIC -> PUBLIC -> PRESIDING_CHAIR -> PUBLIC -> PRESIDING_CHAIR -> PUBLIC -> PUBLIC -> PRESIDING_CHAIR -> PUBLIC -> PRESIDING_CHAIR -> COMMITTEE_MEMBER -> EXPERT -> COMMITTEE_MEMBER -> EXPERT -> COMMITTEE_MEMBER -> EXPERT -> COMMITTEE_MEMBER -> EXPERT -> PRESIDING_CHAIR -> BILL_AUTHOR -> PRESIDING_CHAIR -> SECRETARY -> PRESIDING_CHAIR -> SECRETARY -> PRESIDING_CHAIR -> COMMITTEE_MEMBER -> SECRETARY -> COMMITTEE_MEMBER -> SECRETARY -> COMMITTEE_MEMBER -> SECRETARY -> PRESIDING_CHAIR -> BILL_AUTHOR -> EXPERT -> PRESIDING_CHAIR
254741,CA_201720180AB2101,17,PRESIDING_CHAIR -> PRESIDING_CHAIR -> NONLEGISLATOR -> PRESIDING_CHAIR -> PUBLIC -> PRESIDING_CHAIR -> SECRETARY -> PRESIDING_CHAIR -> PUBLIC -> PRESIDING_CHAIR -> COMMITTEE_MEMBER -> PRESIDING_CHAIR -> PRESIDING_CHAIR -> PRESIDING_CHAIR -> SECRETARY -> PRESIDING_CHAIR -> PRESIDING_CHAIR
255340,CA_201720180SB1191,21,PRESIDING_CHAIR -> BILL_AUTHOR -> PRESIDING_CHAIR -> PUBLIC -> PRESIDING_CHAIR -> SECRETARY -> PRESIDING_CHAIR -> PUBLIC -> PUBLIC -> PUBLIC -> PUBLIC -> PUBLIC -> PUBLIC -> PRESIDING_CHAIR -> PRESIDING_CHAIR -> COMMITTEE_MEMBER -> PRESIDING_CHAIR -> BILL_AUTHOR -> PRESIDING_CHAIR -> SECRETARY -> PRESIDING_CHAIR
54071,CA_201720180AB1486,17,PRESIDING_CHAIR -> PRESIDING_CHAIR -> PRESIDING_CHAIR -> EXPERT -> PUBLIC -> PRESIDING_CHAIR -> PRESIDING_CHAIR -> PRESIDING_CHAIR -> SECRETARY -> PRESIDING_CHAIR -> PRESIDING_CHAIR -> SECRETARY -> PRESIDING_CHAIR -> SECRETARY -> PRESIDING_CHAIR -> SECRETARY -> PRESIDING_CHAIR
54071,CA_201720180AB1351,22,PRESIDING_CHAIR -> PRESIDING_CHAIR -> SECRETARY -> PRESIDING_CHAIR -> PRESIDING_CHAIR -> PRESIDING_CHAIR -> PRESIDING_CHAIR -> NONLEGISLATOR -> PRESIDING_CHAIR -> SECRETARY -> PRESIDING_CHAIR -> SECRETARY -> COMMITTEE_MEMBER -> SECRETARY -> COMMITTEE_MEMBER -> SECRETARY -> COMMITTEE_MEMBER -> SECRETARY -> COMMITTEE_MEMBER -> SECRETARY -> PRESIDING_CHAIR -> PRESIDING_CHAIR
52992,CA_201720180AB1348,33,PRESIDING_CHAIR -> PRESIDING_CHAIR -> PUBLIC -> PUBLIC -> PRESIDING_CHAIR -> PUBLIC -> PRESIDING_CHAIR -> PUBLIC -> PRESIDING_CHAIR -> PUBLIC -> PUBLIC -> PRESIDING_CHAIR -> PUBLIC -> PRESIDING_CHAIR -> PUBLIC -> PRESIDING_CHAIR -> PUBLIC -> PUBLIC -> PRESIDING_CHAIR -> COMMITTEE_MEMBER -> PRESIDING_CHAIR -> COMMITTEE_MEMBER -> PRESIDING_CHAIR -> COMMITTEE_MEMBER -> PRESIDING_CHAIR -> PRESIDING_CHAIR -> PRESIDING_CHAIR -> SECRETARY -> PRESIDING_CHAIR -> PRESIDING_CHAIR -> PRESIDING_CHAIR -> SECRETARY -> PRESIDING_CHAIR
52992,CA_201720180AB1713,18,PRESIDING_CHAIR -> PRESIDING_CHAIR -> PUBLIC -> PRESIDING_CHAIR -> PUBLIC -> PUBLIC -> PRESIDING_CHAIR -> PUBLIC -> PRESIDING_CHAIR -> PRESIDING_CHAIR -> COMMITTEE_MEMBER -> PRESIDING_CHAIR -> SECRETARY -> PRESIDING_CHAIR -> PRESIDING_CHAIR -> SECRETARY -> PRESIDING_CHAIR -> PUBLIC
52992,CA_201720180AB1163,23,PRESIDING_CHAIR -> PRESIDING_CHAIR -> PRESIDING_CHAIR -> EXPERT -> PRESIDING_CHAIR -> PUBLIC -> PUBLIC -> PUBLIC -> SECRETARY -> PUBLIC -> PRESIDING_CHAIR -> PRESIDING_CHAIR -> PRESIDING_CHAIR -> COMMITTEE_MEMBER -> PRESIDING_CHAIR -> COMMITTEE_MEMBER -> PRESIDING_CHAIR -> SECRETARY -> PRESIDING_CHAIR -> SECRETARY -> PRESIDING_CHAIR -> PRESIDING_CHAIR -> PRESIDING_CHAIR
52992,CA_201720180AB243,28,PRESIDING_CHAIR -> BILL_AUTHOR -> PRESIDING_CHAIR -> PUBLIC -> PRESIDING_CHAIR -> PUBLIC -> PRESIDING_CHAIR -> PRESIDING_CHAIR -> PUBLIC -> COMMITTEE_MEMBER -> PUBLIC -> PRESIDING_CHAIR -> PUBLIC -> PRESIDING_CHAIR -> PRESIDING_CHAIR -> PRESIDING_CHAIR -> BILL_AUTHOR -> PRESIDING_CHAIR -> SECRETARY -> PRESIDING_CHAIR -> SECRETARY -> PRESIDING_CHAIR -> BILL_AUTHOR -> PRESIDING_CHAIR -> PUBLIC -> PRESIDING_CHAIR -> SECRETARY -> PRESIDING_CHAIR
54168,CA_201720180SB732,44,PRESIDING_CHAIR -> BILL_AUTHOR -> PRESIDING_CHAIR -> SECRETARY -> PRESIDING_CHAIR -> SECRETARY -> PRESIDING_CHAIR -> PUBLIC -> PRESIDING_CHAIR -> PUBLIC -> PUBLIC -> PRESIDING_CHAIR -> PUBLIC -> PRESIDING_CHAIR -> PUBLIC -> PRESIDING_CHAIR -> PRESIDING_CHAIR -> PRESIDING_CHAIR -> BILL_AUTHOR -> PRESIDING_CHAIR -> COMMITTEE_MEMBER -> BILL_AUTHOR -> PRESIDING_CHAIR -> COMMITTEE_MEMBER -> PRESIDING_CHAIR -> BILL_AUTHOR -> PRESIDING_CHAIR -> PRESIDING_CHAIR -> BILL_AUTHOR -> PRESIDING_CHAIR -> BILL_AUTHOR -> PRESIDING_CHAIR -> PRESIDING_CHAIR -> BILL_AUTHOR -> PRESIDING_CHAIR -> SECRETARY -> COMMITTEE_MEMBER -> SECRETARY -> PRESIDING_CHAIR -> BILL_AUTHOR -> PRESIDING_CHAIR -> BILL_AUTHOR -> SECRETARY -> PRESIDING_CHAIR
254617,CA_201720180AB2468,31,BILL_AUTHOR -> PUBLIC -> PRESIDING_CHAIR -> PUBLIC -> PRESIDING_CHAIR -> PUBLIC -> PRESIDING_CHAIR -> PUBLIC -> PRESIDING_CHAIR -> PUBLIC -> PRESIDING_CHAIR -> PRESIDING_CHAIR -> PRESIDING_CHAIR -> PRESIDING_CHAIR -> PUBLIC -> PRESIDING_CHAIR -> PUBLIC -> PRESIDING_CHAIR -> PUBLIC -> PRESIDING_CHAIR -> COMMITTEE_MEMBER -> PRESIDING_CHAIR -> BILL_AUTHOR -> PRESIDING_CHAIR -> COMMITTEE_MEMBER -> PUBLIC -> PUBLIC -> COMMITTEE_MEMBER -> PRESIDING_CHAIR -> COMMITTEE_MEMBER -> BILL_AUTHOR
255335,CA_201720180SB1409,41,BILL_AUTHOR -> PRESIDING_CHAIR -> BILL_AUTHOR -> EXPERT -> PRESIDING_CHAIR -> SECRETARY -> PRESIDING_CHAIR -> PRESIDING_CHAIR -> PRESIDING_CHAIR -> EXPERT -> PRESIDING_CHAIR -> EXPERT -> PRESIDING_CHAIR -> PUBLIC -> PUBLIC -> PRESIDING_CHAIR -> PUBLIC -> PRESIDING_CHAIR -> PUBLIC -> PRESIDING_CHAIR -> COMMITTEE_MEMBER -> BILL_AUTHOR -> COMMITTEE_MEMBER -> BILL_AUTHOR -> PRESIDING_CHAIR -> COMMITTEE_MEMBER -> BILL_AUTHOR -> PRESIDING_CHAIR -> COMMITTEE_MEMBER -> BILL_AUTHOR -> EXPERT -> COMMITTEE_MEMBER -> BILL_AUTHOR -> PRESIDING_CHAIR -> PUBLIC -> BILL_AUTHOR -> PUBLIC -> PRESIDING_CHAIR -> BILL_AUTHOR -> PRESIDING_CHAIR -> SECRETARY
255546,CA_201720180AB3252,17,PRESIDING_CHAIR -> SECRETARY -> PRESIDING_CHAIR -> PRESIDING_CHAIR -> PRESIDING_CHAIR -> PRESIDING_CHAIR -> PUBLIC -> PUBLIC -> PUBLIC -> PUBLIC -> PUBLIC -> PRESIDING_CHAIR -> SECRETARY -> PRESIDING_CHAIR -> PRESIDING_CHAIR -> SECRETARY -> PRESIDING_CHAIR
51821,CA_201720180AB18,47,PRESIDING_CHAIR -> SECRETARY -> PRESIDING_CHAIR -> SECRETARY -> PRESIDING_CHAIR -> SECRETARY -> COMMITTEE_MEMBER -> SECRETARY -> COMMITTEE_MEMBER -> SECRETARY -> COMMITTEE_MEMBER -> SECRETARY -> BILL_AUTHOR -> SECRETARY -> BILL_AUTHOR -> SECRETARY -> COMMITTEE_MEMBER -> SECRETARY -> PRESIDING_CHAIR -> COMMITTEE_MEMBER -> PRESIDING_CHAIR -> PUBLIC -> PUBLIC -> PRESIDING_CHAIR -> PUBLIC -> PUBLIC -> PUBLIC -> PUBLIC -> PUBLIC -> PUBLIC -> PUBLIC -> PUBLIC -> PUBLIC -> PRESIDING_CHAIR -> PUBLIC -> PRESIDING_CHAIR -> COMMITTEE_MEMBER -> PRESIDING_CHAIR -> COMMITTEE_MEMBER -> COMMITTEE_MEMBER -> COMMITTEE_MEMBER -> PRESIDING_CHAIR -> BILL_AUTHOR -> COMMITTEE_MEMBER -> BILL_AUTHOR -> COMMITTEE_MEMBER -> PRESIDING_CHAIR
52533,CA_201720180AB494,6,NONLEGISLATOR -> PRESIDING_CHAIR -> PRESIDING_CHAIR -> PRESIDING_CHAIR -> PRESIDING_CHAIR -> PRESIDING_CHAIR
52533,CA_201720180AB754,4,BILL_AUTHOR -> PRESIDING_CHAIR -> BILL_AUTHOR -> PRESIDING_CHAIR
52603,CA_201720180SB535,10,PRESIDING_CHAIR -> PRESIDING_CHAIR -> PRESIDING_CHAIR -> PRESIDING_CHAIR -> PRESIDING_CHAIR -> PRESIDING_CHAIR -> NONLEGISLATOR -> PRESIDING_CHAIR -> NONLEGISLATOR -> PRESIDING_CHAIR
52603,CA_201720180AB1129,61,BILL_AUTHOR -> PUBLIC -> PRESIDING_CHAIR -> SECRETARY -> PRESIDING_CHAIR -> PRESIDING_CHAIR -> PUBLIC -> PRESIDING_CHAIR -> PUBLIC -> PRESIDING_CHAIR -> PUBLIC -> PUBLIC -> PRESIDING_CHAIR -> PUBLIC -> PRESIDING_CHAIR -> PUBLIC -> PUBLIC -> PUBLIC -> PUBLIC -> PRESIDING_CHAIR -> PUBLIC -> PRESIDING_CHAIR -> PRESIDING_CHAIR -> BILL_AUTHOR -> PRESIDING_CHAIR -> PRESIDING_CHAIR -> COMMITTEE_MEMBER -> BILL_AUTHOR -> COMMITTEE_MEMBER -> BILL_AUTHOR -> COMMITTEE_MEMBER -> BILL_AUTHOR -> COMMITTEE_MEMBER -> BILL_AUTHOR -> COMMITTEE_MEMBER -> BILL_AUTHOR -> COMMITTEE_MEMBER -> PRESIDING_CHAIR -> COMMITTEE_MEMBER -> BILL_AUTHOR -> COMMITTEE_MEMBER -> BILL_AUTHOR -> COMMITTEE_MEMBER -> BILL_AUTHOR -> COMMITTEE_MEMBER -> BILL_AUTHOR -> COMMITTEE_MEMBER -> BILL_AUTHOR -> COMMITTEE_MEMBER -> BILL_AUTHOR -> COMMITTEE_MEMBER -> BILL_AUTHOR -> COMMITTEE_MEMBER -> BILL_AUTHOR -> COMMITTEE_MEMBER -> BILL_AUTHOR -> PRESIDING_CHAIR -> BILL_AUTHOR -> PRESIDING_CHAIR -> BILL_AUTHOR -> PRESIDING_CHAIR
52710,CA_201720180AB994,10,PRESIDING_CHAIR -> PRESIDING_CHAIR -> PRESIDING_CHAIR -> PRESIDING_CHAIR -> PRESIDING_CHAIR -> PUBLIC -> PUBLIC -> PRESIDING_CHAIR -> PRESIDING_CHAIR -> PUBLIC
54018,CA_201720180SB620,45,PRESIDING_CHAIR -> EXPERT -> PRESIDING_CHAIR -> BILL_AUTHOR -> PRESIDING_CHAIR -> NONLEGISLATOR -> PRESIDING_CHAIR -> PUBLIC -> PRESIDING_CHAIR -> PUBLIC -> PRESIDING_CHAIR -> SECRETARY -> PRESIDING_CHAIR -> SECRETARY -> PRESIDING_CHAIR -> SECRETARY -> COMMITTEE_MEMBER -> SECRETARY -> COMMITTEE_MEMBER -> SECRETARY -> COMMITTEE_MEMBER -> SECRETARY -> COMMITTEE_MEMBER -> BILL_AUTHOR -> SECRETARY -> COMMITTEE_MEMBER -> COMMITTEE_MEMBER -> SECRETARY -> COMMITTEE_MEMBER -> PRESIDING_CHAIR -> PUBLIC -> PRESIDING_CHAIR -> PUBLIC -> PRESIDING_CHAIR -> PUBLIC -> PRESIDING_CHAIR -> COMMITTEE_MEMBER -> PRESIDING_CHAIR -> COMMITTEE_MEMBER -> BILL_AUTHOR -> PRESIDING_CHAIR -> SECRETARY -> PRESIDING_CHAIR -> EXPERT -> PRESIDING_CHAIR
54156,CA_201720180SB549,103,BILL_AUTHOR -> PRESIDING_CHAIR -> BILL_AUTHOR -> NONLEGISLATOR -> PRESIDING_CHAIR -> NONLEGISLATOR -> PRESIDING_CHAIR -> NONLEGISLATOR -> PRESIDING_CHAIR -> PRESIDING_CHAIR -> BILL_AUTHOR -> PRESIDING_CHAIR -> BILL_AUTHOR -> PRESIDING_CHAIR -> BILL_AUTHOR -> PRESIDING_CHAIR -> PUBLIC -> PRESIDING_CHAIR -> PUBLIC -> PRESIDING_CHAIR -> BILL_AUTHOR -> PRESIDING_CHAIR -> BILL_AUTHOR -> COMMITTEE_MEMBER -> PRESIDING_CHAIR -> BILL_AUTHOR -> PUBLIC -> PRESIDING_CHAIR -> PUBLIC -> PRESIDING_CHAIR -> PUBLIC -> PRESIDING_CHAIR -> BILL_AUTHOR -> PRESIDING_CHAIR -> BILL_AUTHOR -> PRESIDING_CHAIR -> BILL_AUTHOR -> PUBLIC -> PUBLIC -> PRESIDING_CHAIR -> PUBLIC -> PRESIDING_CHAIR -> PUBLIC -> PRESIDING_CHAIR -> PUBLIC -> PUBLIC -> PUBLIC -> PUBLIC -> PUBLIC -> PRESIDING_CHAIR -> PUBLIC -> PRESIDING_CHAIR -> COMMITTEE_MEMBER -> BILL_AUTHOR -> PRESIDING_CHAIR -> BILL_AUTHOR -> PRESIDING_CHAIR -> BILL_AUTHOR -> PRESIDING_CHAIR -> BILL_AUTHOR -> COMMITTEE_MEMBER -> PRESIDING_CHAIR -> BILL_AUTHOR -> PRESIDING_CHAIR -> PUBLIC -> PUBLIC -> COMMITTEE_MEMBER -> BILL_AUTHOR -> PRESIDING_CHAIR -> BILL_AUTHOR -> PRESIDING_CHAIR -> PUBLIC -> PRESIDING_CHAIR -> PUBLIC -> PRESIDING_CHAIR -> BILL_AUTHOR -> PRESIDING_CHAIR -> BILL_AUTHOR -> PRESIDING_CHAIR -> SECRETARY -> PRESIDING_CHAIR -> BILL_AUTHOR -> PRESIDING_CHAIR -> BILL_AUTHOR -> PRESIDING_CHAIR -> PUBLIC -> PUBLIC -> PUBLIC -> PUBLIC -> PUBLIC -> PUBLIC -> PUBLIC -> PRESIDING_CHAIR -> PUBLIC -> PRESIDING_CHAIR -> BILL_AUTHOR -> PRESIDING_CHAIR -> BILL_AUTHOR -> PRESIDING_CHAIR -> PUBLIC -> PRESIDING_CHAIR -> BILL_AUTHOR -> PRESIDING_CHAIR
54156,CA_201720180SB568,14,PRESIDING_CHAIR -> BILL_AUTHOR -> PRESIDING_CHAIR -> PRESIDING_CHAIR -> BILL_AUTHOR -> PRESIDING_CHAIR -> PUBLIC -> PRESIDING_CHAIR -> PUBLIC -> PRESIDING_CHAIR -> BILL_AUTHOR -> PRESIDING_CHAIR -> BILL_AUTHOR -> PUBLIC
54156,CA_201720180SB63,41,PRESIDING_CHAIR -> BILL_AUTHOR -> PRESIDING_CHAIR -> EXPERT -> PRESIDING_CHAIR -> SECRETARY -> PRESIDING_CHAIR -> SECRETARY -> PRESIDING_CHAIR -> SECRETARY -> COMMITTEE_MEMBER -> SECRETARY -> COMMITTEE_MEMBER -> SECRETARY -> COMMITTEE_MEMBER -> SECRETARY -> COMMITTEE_MEMBER -> SECRETARY -> COMMITTEE_MEMBER -> COMMITTEE_MEMBER -> SECRETARY -> COMMITTEE_MEMBER -> SECRETARY -> COMMITTEE_MEMBER -> PRESIDING_CHAIR -> PUBLIC -> PRESIDING_CHAIR -> PUBLIC -> PUBLIC -> PUBLIC -> PUBLIC -> PRESIDING_CHAIR -> PUBLIC -> PUBLIC -> PRESIDING_CHAIR -> PUBLIC -> PRESIDING_CHAIR -> PUBLIC -> PRESIDING_CHAIR -> BILL_AUTHOR -> PRESIDING_CHAIR
54317,CA_201720180SB12,7,PRESIDING_CHAIR -> SECRETARY -> PRESIDING_CHAIR -> PRESIDING_CHAIR -> PRESIDING_CHAIR -> SECRETARY -> NONLEGISLATOR
67636,CA_201720180SB5,47,PRESIDING_CHAIR -> PRESIDING_CHAIR -> PRESIDING_CHAIR -> SECRETARY -> PRESIDING_CHAIR -> NONLEGISLATOR -> PRESIDING_CHAIR -> PUBLIC -> PRESIDING_CHAIR -> PUBLIC -> PRESIDING_CHAIR -> PUBLIC -> PUBLIC -> PUBLIC -> PUBLIC -> PUBLIC -> PUBLIC -> BILL_AUTHOR -> PUBLIC -> PRESIDING_CHAIR -> PUBLIC -> PUBLIC -> PUBLIC -> PUBLIC -> PUBLIC -> PUBLIC -> PUBLIC -> PUBLIC -> PUBLIC -> PUBLIC -> PUBLIC -> PUBLIC -> PUBLIC -> PUBLIC -> PRESIDING_CHAIR -> PUBLIC -> PRESIDING_CHAIR -> COMMITTEE_MEMBER -> BILL_AUTHOR -> COMMITTEE_MEMBER -> BILL_AUTHOR -> PRESIDING_CHAIR -> COMMITTEE_MEMBER -> BILL_AUTHOR -> PRESIDING_CHAIR -> BILL_AUTHOR -> PRESIDING_CHAIR
253140,CA_201720180AB1052,28,PRESIDING_CHAIR -> BILL_AUTHOR -> PRESIDING_CHAIR -> EXPERT -> PRESIDING_CHAIR -> BILL_AUTHOR -> PRESIDING_CHAIR -> SECRETARY -> PRESIDING_CHAIR -> BILL_AUTHOR -> PRESIDING_CHAIR -> EXPERT -> PRESIDING_CHAIR -> BILL_AUTHOR -> PRESIDING_CHAIR -> BILL_AUTHOR -> PRESIDING_CHAIR -> BILL_AUTHOR -> PRESIDING_CHAIR -> PUBLIC -> PRESIDING_CHAIR -> PUBLIC -> COMMITTEE_MEMBER -> PRESIDING_CHAIR -> EXPERT -> PRESIDING_CHAIR -> SECRETARY -> PRESIDING_CHAIR
254662,CA_201720180AB1903,3,PRESIDING_CHAIR -> PRESIDING_CHAIR -> PRESIDING_CHAIR
254662,CA_201720180AB2103,15,BILL_AUTHOR -> PRESIDING_CHAIR -> NONLEGISLATOR -> PRESIDING_CHAIR -> PUBLIC -> PUBLIC -> PRESIDING_CHAIR -> PUBLIC -> PUBLIC -> PRESIDING_CHAIR -> PUBLIC -> COMMITTEE_MEMBER -> PRESIDING_CHAIR -> BILL_AUTHOR -> PRESIDING_CHAIR
254712,CA_201720180AB2151,23,PRESIDING_CHAIR -> PRESIDING_CHAIR -> PRESIDING_CHAIR -> SECRETARY -> COMMITTEE_MEMBER -> COMMITTEE_MEMBER -> PRESIDING_CHAIR -> PRESIDING_CHAIR -> PRESIDING_CHAIR -> PUBLIC -> PRESIDING_CHAIR -> PUBLIC -> PRESIDING_CHAIR -> PRESIDING_CHAIR -> PRESIDING_CHAIR -> PRESIDING_CHAIR -> PRESIDING_CHAIR -> PRESIDING_CHAIR -> PRESIDING_CHAIR -> SECRETARY -> PRESIDING_CHAIR -> COMMITTEE_MEMBER -> PRESIDING_CHAIR
254896,CA_201720180AB2741,17,BILL_AUTHOR -> PRESIDING_CHAIR -> BILL_AUTHOR -> PRESIDING_CHAIR -> PUBLIC -> PRESIDING_CHAIR -> PUBLIC -> PUBLIC -> PRESIDING_CHAIR -> SECRETARY -> PRESIDING_CHAIR -> PUBLIC -> PRESIDING_CHAIR -> BILL_AUTHOR -> PRESIDING_CHAIR -> PRESIDING_CHAIR -> PRESIDING_CHAIR
254961,CA_201720180AB2598,10,PRESIDING_CHAIR -> PRESIDING_CHAIR -> PRESIDING_CHAIR -> PRESIDING_CHAIR -> SECRETARY -> PRESIDING_CHAIR -> COMMITTEE_MEMBER -> PRESIDING_CHAIR -> NONLEGISLATOR -> PRESIDING_CHAIR
255094,CA_201720180AB1773,7,PRESIDING_CHAIR -> PRESIDING_CHAIR -> PRESIDING_CHAIR -> PRESIDING_CHAIR -> PRESIDING_CHAIR -> NONLEGISLATOR -> PRESIDING_CHAIR
255466,CA_201720180SB1079,13,PRESIDING_CHAIR -> BILL_AUTHOR -> PRESIDING_CHAIR -> SECRETARY -> PRESIDING_CHAIR -> PUBLIC -> PRESIDING_CHAIR -> PUBLIC -> PRESIDING_CHAIR -> PUBLIC -> PRESIDING_CHAIR -> BILL_AUTHOR -> PRESIDING_CHAIR
255541,CA_201720180SB1152,37,BILL_AUTHOR -> PRESIDING_CHAIR -> BILL_AUTHOR -> PRESIDING_CHAIR -> PUBLIC -> PUBLIC -> PRESIDING_CHAIR -> SECRETARY -> PRESIDING_CHAIR -> PUBLIC -> PRESIDING_CHAIR -> PUBLIC -> PUBLIC -> PRESIDING_CHAIR -> PUBLIC -> PUBLIC -> PUBLIC -> PRESIDING_CHAIR -> PUBLIC -> PUBLIC -> PRESIDING_CHAIR -> PUBLIC -> PRESIDING_CHAIR -> PRESIDING_CHAIR -> PRESIDING_CHAIR -> PRESIDING_CHAIR -> PUBLIC -> PRESIDING_CHAIR -> PRESIDING_CHAIR -> PUBLIC -> PRESIDING_CHAIR -> COMMITTEE_MEMBER -> PUBLIC -> PUBLIC -> PRESIDING_CHAIR -> BILL_AUTHOR -> PRESIDING_CHAIR
255625,CA_201720180SB460,49,PRESIDING_CHAIR -> BILL_AUTHOR -> PRESIDING_CHAIR -> BILL_AUTHOR -> PRESIDING_CHAIR -> PUBLIC -> PUBLIC -> PUBLIC -> PUBLIC -> PRESIDING_CHAIR -> PUBLIC -> PUBLIC -> PUBLIC -> PUBLIC -> PRESIDING_CHAIR -> PUBLIC -> PUBLIC -> PRESIDING_CHAIR -> PUBLIC -> PUBLIC -> PRESIDING_CHAIR -> PUBLIC -> PRESIDING_CHAIR -> PUBLIC -> PRESIDING_CHAIR -> SECRETARY -> PRESIDING_CHAIR -> PRESIDING_CHAIR -> SECRETARY -> COMMITTEE_MEMBER -> COMMITTEE_MEMBER -> SECRETARY -> COMMITTEE_MEMBER -> COMMITTEE_MEMBER -> SECRETARY -> COMMITTEE_MEMBER -> SECRETARY -> COMMITTEE_MEMBER -> PRESIDING_CHAIR -> COMMITTEE_MEMBER -> SECRETARY -> COMMITTEE_MEMBER -> COMMITTEE_MEMBER -> PRESIDING_CHAIR -> COMMITTEE_MEMBER -> SECRETARY -> PRESIDING_CHAIR -> BILL_AUTHOR -> PRESIDING_CHAIR
255659,CA_201720180SB939,10,PRESIDING_CHAIR -> PRESIDING_CHAIR -> PRESIDING_CHAIR -> PRESIDING_CHAIR -> PRESIDING_CHAIR -> EXPERT -> PRESIDING_CHAIR -> EXPERT -> PRESIDING_CHAIR -> EXPERT
255733,CA_201720180SB1121,34,PRESIDING_CHAIR -> BILL_AUTHOR -> PRESIDING_CHAIR -> PUBLIC -> PUBLIC -> PUBLIC -> PUBLIC -> PUBLIC -> PUBLIC -> PUBLIC -> PUBLIC -> PUBLIC -> PUBLIC -> PUBLIC -> PUBLIC -> PUBLIC -> PUBLIC -> PUBLIC -> PUBLIC -> PUBLIC -> PUBLIC -> PRESIDING_CHAIR -> BILL_AUTHOR -> PRESIDING_CHAIR -> BILL_AUTHOR -> PRESIDING_CHAIR -> PUBLIC -> PRESIDING_CHAIR -> SECRETARY -> PRESIDING_CHAIR -> PRESIDING_CHAIR -> PRESIDING_CHAIR -> BILL_AUTHOR -> PRESIDING_CHAIR
54061,CA_201720180AB427,23,PRESIDING_CHAIR -> EXPERT -> PRESIDING_CHAIR -> EXPERT -> BILL_AUTHOR -> EXPERT -> PUBLIC -> PRESIDING_CHAIR -> PRESIDING_CHAIR -> COMMITTEE_MEMBER -> PRESIDING_CHAIR -> BILL_AUTHOR -> PRESIDING_CHAIR -> EXPERT -> PRESIDING_CHAIR -> SECRETARY -> PRESIDING_CHAIR -> PRESIDING_CHAIR -> EXPERT -> PRESIDING_CHAIR -> SECRETARY -> PRESIDING_CHAIR -> SECRETARY
53000,CA_201720180AB1510,77,PRESIDING_CHAIR -> BILL_AUTHOR -> PUBLIC -> PRESIDING_CHAIR -> PUBLIC -> PRESIDING_CHAIR -> PUBLIC -> PUBLIC -> PRESIDING_CHAIR -> PUBLIC -> PUBLIC -> PRESIDING_CHAIR -> PUBLIC -> PUBLIC -> PUBLIC -> PUBLIC -> PUBLIC -> PUBLIC -> PUBLIC -> PRESIDING_CHAIR -> PUBLIC -> PRESIDING_CHAIR -> PUBLIC -> PRESIDING_CHAIR -> PUBLIC -> PRESIDING_CHAIR -> SECRETARY -> PUBLIC -> PRESIDING_CHAIR -> PUBLIC -> PUBLIC -> PRESIDING_CHAIR -> PRESIDING_CHAIR -> BILL_AUTHOR -> PRESIDING_CHAIR -> PUBLIC -> PRESIDING_CHAIR -> PUBLIC -> BILL_AUTHOR -> PRESIDING_CHAIR -> COMMITTEE_MEMBER -> BILL_AUTHOR -> PUBLIC -> COMMITTEE_MEMBER -> BILL_AUTHOR -> COMMITTEE_MEMBER -> BILL_AUTHOR -> COMMITTEE_MEMBER -> PUBLIC -> COMMITTEE_MEMBER -> PUBLIC -> BILL_AUTHOR -> PRESIDING_CHAIR -> COMMITTEE_MEMBER -> BILL_AUTHOR -> PRESIDING_CHAIR -> COMMITTEE_MEMBER -> BILL_AUTHOR -> PUBLIC -> COMMITTEE_MEMBER -> PUBLIC -> COMMITTEE_MEMBER -> PUBLIC -> COMMITTEE_MEMBER -> PUBLIC -> COMMITTEE_MEMBER -> PUBLIC -> COMMITTEE_MEMBER -> PUBLIC -> COMMITTEE_MEMBER -> PRESIDING_CHAIR -> BILL_AUTHOR -> PRESIDING_CHAIR -> SECRETARY -> PRESIDING_CHAIR -> SECRETARY -> PRESIDING_CHAIR
53000,CA_201720180AB1435,27,PRESIDING_CHAIR -> BILL_AUTHOR -> EXPERT -> EXPERT -> PRESIDING_CHAIR -> PUBLIC -> PRESIDING_CHAIR -> PUBLIC -> PUBLIC -> PUBLIC -> PUBLIC -> PRESIDING_CHAIR -> SECRETARY -> PRESIDING_CHAIR -> PUBLIC -> PRESIDING_CHAIR -> PUBLIC -> PUBLIC -> PRESIDING_CHAIR -> PRESIDING_CHAIR -> PRESIDING_CHAIR -> BILL_AUTHOR -> PRESIDING_CHAIR -> SECRETARY -> PRESIDING_CHAIR -> BILL_AUTHOR -> PRESIDING_CHAIR
254615,CA_201720180AB2388,14,PRESIDING_CHAIR -> PRESIDING_CHAIR -> PRESIDING_CHAIR -> PRESIDING_CHAIR -> PRESIDING_CHAIR -> SECRETARY -> COMMITTEE_MEMBER -> PRESIDING_CHAIR -> PUBLIC -> PRESIDING_CHAIR -> PRESIDING_CHAIR -> PRESIDING_CHAIR -> SECRETARY -> PRESIDING_CHAIR
254714,CA_201720180AB2936,17,PRESIDING_CHAIR -> NONLEGISLATOR -> EXPERT -> PUBLIC -> PUBLIC -> PUBLIC -> PUBLIC -> PUBLIC -> PUBLIC -> PUBLIC -> EXPERT -> PRESIDING_CHAIR -> EXPERT -> PRESIDING_CHAIR -> EXPERT -> SECRETARY -> EXPERT
254714,CA_201720180AB1734,95,PRESIDING_CHAIR -> SECRETARY -> PRESIDING_CHAIR -> BILL_AUTHOR -> PRESIDING_CHAIR -> BILL_AUTHOR -> PRESIDING_CHAIR -> BILL_AUTHOR -> PRESIDING_CHAIR -> BILL_AUTHOR -> PRESIDING_CHAIR -> EXPERT -> PRESIDING_CHAIR -> EXPERT -> PRESIDING_CHAIR -> EXPERT -> PRESIDING_CHAIR -> PUBLIC -> PUBLIC -> PUBLIC -> PUBLIC -> PUBLIC -> PUBLIC -> PRESIDING_CHAIR -> PUBLIC -> PUBLIC -> PRESIDING_CHAIR -> PUBLIC -> PUBLIC -> PUBLIC -> PRESIDING_CHAIR -> PUBLIC -> PUBLIC -> PRESIDING_CHAIR -> PUBLIC -> PRESIDING_CHAIR -> PUBLIC -> PUBLIC -> PRESIDING_CHAIR -> PUBLIC -> PRESIDING_CHAIR -> PUBLIC -> PRESIDING_CHAIR -> PUBLIC -> PRESIDING_CHAIR -> PUBLIC -> PRESIDING_CHAIR -> PUBLIC -> PRESIDING_CHAIR -> PUBLIC -> PUBLIC -> PUBLIC -> PRESIDING_CHAIR -> PUBLIC -> PUBLIC -> PRESIDING_CHAIR -> PUBLIC -> PRESIDING_CHAIR -> PUBLIC -> PRESIDING_CHAIR -> PUBLIC -> PRESIDING_CHAIR -> PUBLIC -> PRESIDING_CHAIR -> PUBLIC -> PRESIDING_CHAIR -> COMMITTEE_MEMBER -> PRESIDING_CHAIR -> PRESIDING_CHAIR -> BILL_AUTHOR -> PRESIDING_CHAIR -> PRESIDING_CHAIR -> EXPERT -> BILL_AUTHOR -> PRESIDING_CHAIR -> BILL_AUTHOR -> PRESIDING_CHAIR -> COMMITTEE_MEMBER -> BILL_AUTHOR -> COMMITTEE_MEMBER -> BILL_AUTHOR -> PRESIDING_CHAIR -> COMMITTEE_MEMBER -> BILL_AUTHOR -> COMMITTEE_MEMBER -> PRESIDING_CHAIR -> COMMITTEE_MEMBER -> BILL_AUTHOR -> PRESIDING_CHAIR -> SECRETARY -> BILL_AUTHOR -> PRESIDING_CHAIR -> BILL_AUTHOR -> SECRETARY -> PRESIDING_CHAIR
254738,CA_201720180AB2456,21,BILL_AUTHOR -> PRESIDING_CHAIR -> PUBLIC -> PRESIDING_CHAIR -> PUBLIC -> PUBLIC -> PRESIDING_CHAIR -> SECRETARY -> PRESIDING_CHAIR -> PUBLIC -> PRESIDING_CHAIR -> PRESIDING_CHAIR -> PUBLIC -> PRESIDING_CHAIR -> SECRETARY -> PRESIDING_CHAIR -> PUBLIC -> PRESIDING_CHAIR -> SECRETARY -> PRESIDING_CHAIR -> SECRETARY
255465,CA_201520160SB1424,10,PRESIDING_CHAIR -> BILL_AUTHOR -> PRESIDING_CHAIR -> PRESIDING_CHAIR -> PRESIDING_CHAIR -> SECRETARY -> PRESIDING_CHAIR -> NONLEGISLATOR -> PRESIDING_CHAIR -> BILL_AUTHOR
255545,CA_201720180SCR114,24,PRESIDING_CHAIR -> SECRETARY -> PRESIDING_CHAIR -> BILL_AUTHOR -> PRESIDING_CHAIR -> PRESIDING_CHAIR -> BILL_AUTHOR -> COMMITTEE_MEMBER -> BILL_AUTHOR -> COMMITTEE_MEMBER -> BILL_AUTHOR -> PRESIDING_CHAIR -> BILL_AUTHOR -> PRESIDING_CHAIR -> BILL_AUTHOR -> PRESIDING_CHAIR -> SECRETARY -> BILL_AUTHOR -> PRESIDING_CHAIR -> COMMITTEE_MEMBER -> BILL_AUTHOR -> PRESIDING_CHAIR -> BILL_AUTHOR -> PRESIDING_CHAIR
52404,CA_201720180AB1517,41,PRESIDING_CHAIR -> SECRETARY -> PRESIDING_CHAIR -> BILL_AUTHOR -> SECRETARY -> PRESIDING_CHAIR -> SECRETARY -> BILL_AUTHOR -> PRESIDING_CHAIR -> BILL_AUTHOR -> PRESIDING_CHAIR -> PUBLIC -> PRESIDING_CHAIR -> PUBLIC -> PRESIDING_CHAIR -> PUBLIC -> PRESIDING_CHAIR -> PUBLIC -> PUBLIC -> PUBLIC -> PRESIDING_CHAIR -> PUBLIC -> BILL_AUTHOR -> PUBLIC -> PUBLIC -> PRESIDING_CHAIR -> BILL_AUTHOR -> PUBLIC -> PRESIDING_CHAIR -> PUBLIC -> PRESIDING_CHAIR -> PUBLIC -> PRESIDING_CHAIR -> BILL_AUTHOR -> PRESIDING_CHAIR -> BILL_AUTHOR -> PRESIDING_CHAIR -> SECRETARY -> PRESIDING_CHAIR -> PUBLIC -> PRESIDING_CHAIR
54076,CA_201720180AB1553,56,BILL_AUTHOR -> PUBLIC -> PRESIDING_CHAIR -> PRESIDING_CHAIR -> BILL_AUTHOR -> PUBLIC -> PRESIDING_CHAIR -> PRESIDING_CHAIR -> SECRETARY -> PRESIDING_CHAIR -> SECRETARY -> COMMITTEE_MEMBER -> SECRETARY -> COMMITTEE_MEMBER -> SECRETARY -> COMMITTEE_MEMBER -> SECRETARY -> PRESIDING_CHAIR -> SECRETARY -> COMMITTEE_MEMBER -> SECRETARY -> COMMITTEE_MEMBER -> PRESIDING_CHAIR -> SECRETARY -> PRESIDING_CHAIR -> SECRETARY -> COMMITTEE_MEMBER -> SECRETARY -> COMMITTEE_MEMBER -> SECRETARY -> COMMITTEE_MEMBER -> SECRETARY -> PRESIDING_CHAIR -> COMMITTEE_MEMBER -> SECRETARY -> PRESIDING_CHAIR -> BILL_AUTHOR -> PRESIDING_CHAIR -> PUBLIC -> PRESIDING_CHAIR -> PUBLIC -> PRESIDING_CHAIR -> SECRETARY -> PRESIDING_CHAIR -> SECRETARY -> COMMITTEE_MEMBER -> SECRETARY -> COMMITTEE_MEMBER -> SECRETARY -> COMMITTEE_MEMBER -> SECRETARY -> PRESIDING_CHAIR -> SECRETARY -> COMMITTEE_MEMBER -> SECRETARY -> PRESIDING_CHAIR
52520,CA_201720180AB1535,22,PRESIDING_CHAIR -> BILL_AUTHOR -> PUBLIC -> PRESIDING_CHAIR -> PRESIDING_CHAIR -> PUBLIC -> PRESIDING_CHAIR -> PUBLIC -> PRESIDING_CHAIR -> PUBLIC -> PRESIDING_CHAIR -> PRESIDING_CHAIR -> SECRETARY -> PRESIDING_CHAIR -> PUBLIC -> PRESIDING_CHAIR -> BILL_AUTHOR -> PRESIDING_CHAIR -> SECRETARY -> PRESIDING_CHAIR -> SECRETARY -> PRESIDING_CHAIR
254841,CA_201720180AB3207,65,PRESIDING_CHAIR -> EXPERT -> PRESIDING_CHAIR -> PUBLIC -> PUBLIC -> PUBLIC -> PUBLIC -> PRESIDING_CHAIR -> PUBLIC -> PRESIDING_CHAIR -> PUBLIC -> PRESIDING_CHAIR -> PUBLIC -> PRESIDING_CHAIR -> PUBLIC -> PUBLIC -> PUBLIC -> PRESIDING_CHAIR -> COMMITTEE_MEMBER -> PUBLIC -> COMMITTEE_MEMBER -> PUBLIC -> COMMITTEE_MEMBER -> PUBLIC -> COMMITTEE_MEMBER -> PUBLIC -> COMMITTEE_MEMBER -> PUBLIC -> COMMITTEE_MEMBER -> PUBLIC -> COMMITTEE_MEMBER -> PUBLIC -> PRESIDING_CHAIR -> PUBLIC -> COMMITTEE_MEMBER -> PRESIDING_CHAIR -> COMMITTEE_MEMBER -> PUBLIC -> COMMITTEE_MEMBER -> PUBLIC -> COMMITTEE_MEMBER -> PUBLIC -> PRESIDING_CHAIR -> COMMITTEE_MEMBER -> PRESIDING_CHAIR -> COMMITTEE_MEMBER -> PRESIDING_CHAIR -> PRESIDING_CHAIR -> COMMITTEE_MEMBER -> PRESIDING_CHAIR -> COMMITTEE_MEMBER -> PRESIDING_CHAIR -> PRESIDING_CHAIR -> PRESIDING_CHAIR -> COMMITTEE_MEMBER -> PUBLIC -> PRESIDING_CHAIR -> PRESIDING_CHAIR -> PRESIDING_CHAIR -> PRESIDING_CHAIR -> SECRETARY -> PRESIDING_CHAIR -> PRESIDING_CHAIR -> SECRETARY -> PRESIDING_CHAIR
254841,CA_201720180AB2063,47,PRESIDING_CHAIR -> BILL_AUTHOR -> PUBLIC -> PRESIDING_CHAIR -> SECRETARY -> PUBLIC -> PRESIDING_CHAIR -> PUBLIC -> PRESIDING_CHAIR -> PUBLIC -> PRESIDING_CHAIR -> PUBLIC -> PRESIDING_CHAIR -> PUBLIC -> PUBLIC -> PRESIDING_CHAIR -> PUBLIC -> PUBLIC -> PRESIDING_CHAIR -> PUBLIC -> PUBLIC -> PRESIDING_CHAIR -> PRESIDING_CHAIR -> PUBLIC -> PRESIDING_CHAIR -> PUBLIC -> PUBLIC -> PRESIDING_CHAIR -> PUBLIC -> PUBLIC -> PRESIDING_CHAIR -> PUBLIC -> PRESIDING_CHAIR -> PUBLIC -> PUBLIC -> PUBLIC -> PUBLIC -> PRESIDING_CHAIR -> PRESIDING_CHAIR -> PRESIDING_CHAIR -> PRESIDING_CHAIR -> BILL_AUTHOR -> PRESIDING_CHAIR -> SECRETARY -> PRESIDING_CHAIR -> BILL_AUTHOR -> PRESIDING_CHAIR
254847,CA_201720180AJR28,19,PRESIDING_CHAIR -> BILL_AUTHOR -> PUBLIC -> PRESIDING_CHAIR -> SECRETARY -> PRESIDING_CHAIR -> PUBLIC -> PRESIDING_CHAIR -> PUBLIC -> PUBLIC -> PRESIDING_CHAIR -> PRESIDING_CHAIR -> PUBLIC -> PRESIDING_CHAIR -> BILL_AUTHOR -> PRESIDING_CHAIR -> PRESIDING_CHAIR -> SECRETARY -> PRESIDING_CHAIR
255525,CA_201720180AJR48,17,PRESIDING_CHAIR -> EXPERT -> PRESIDING_CHAIR -> EXPERT -> PRESIDING_CHAIR -> PUBLIC -> PUBLIC -> PUBLIC -> PRESIDING_CHAIR -> SECRETARY -> PRESIDING_CHAIR -> PRESIDING_CHAIR -> PRESIDING_CHAIR -> SECRETARY -> PRESIDING_CHAIR -> SECRETARY -> PRESIDING_CHAIR
51884,CA_201720180SB48,50,EXPERT -> PRESIDING_CHAIR -> PRESIDING_CHAIR -> EXPERT -> PRESIDING_CHAIR -> EXPERT -> PRESIDING_CHAIR -> EXPERT -> PRESIDING_CHAIR -> PRESIDING_CHAIR -> COMMITTEE_MEMBER -> EXPERT -> COMMITTEE_MEMBER -> EXPERT -> COMMITTEE_MEMBER -> EXPERT -> COMMITTEE_MEMBER -> EXPERT -> COMMITTEE_MEMBER -> EXPERT -> COMMITTEE_MEMBER -> EXPERT -> COMMITTEE_MEMBER -> PRESIDING_CHAIR -> COMMITTEE_MEMBER -> EXPERT -> COMMITTEE_MEMBER -> EXPERT -> COMMITTEE_MEMBER -> EXPERT -> COMMITTEE_MEMBER -> PRESIDING_CHAIR -> PUBLIC -> PRESIDING_CHAIR -> PUBLIC -> PRESIDING_CHAIR -> PUBLIC -> PRESIDING_CHAIR -> PUBLIC -> PRESIDING_CHAIR -> COMMITTEE_MEMBER -> PRESIDING_CHAIR -> SECRETARY -> PRESIDING_CHAIR -> EXPERT -> PRESIDING_CHAIR -> SECRETARY -> PRESIDING_CHAIR -> SECRETARY -> PRESIDING_CHAIR
52454,CA_201720180SB131,14,PRESIDING_CHAIR -> PUBLIC -> PRESIDING_CHAIR -> PRESIDING_CHAIR -> PUBLIC -> PRESIDING_CHAIR -> PUBLIC -> PRESIDING_CHAIR -> PRESIDING_CHAIR -> SECRETARY -> PUBLIC -> PRESIDING_CHAIR -> SECRETARY -> PRESIDING_CHAIR
54078,CA_201720180SB103,105,PRESIDING_CHAIR -> PUBLIC -> PRESIDING_CHAIR -> PRESIDING_CHAIR -> PUBLIC -> PRESIDING_CHAIR -> PUBLIC -> PRESIDING_CHAIR -> PUBLIC -> PRESIDING_CHAIR -> PUBLIC -> PRESIDING_CHAIR -> PUBLIC -> PRESIDING_CHAIR -> PUBLIC -> PRESIDING_CHAIR -> PUBLIC -> PRESIDING_CHAIR -> PUBLIC -> PRESIDING_CHAIR -> PUBLIC -> PRESIDING_CHAIR -> PUBLIC -> PRESIDING_CHAIR -> PUBLIC -> PRESIDING_CHAIR -> PUBLIC -> PRESIDING_CHAIR -> PUBLIC -> PRESIDING_CHAIR -> PRESIDING_CHAIR -> PUBLIC -> PRESIDING_CHAIR -> PUBLIC -> PRESIDING_CHAIR -> PUBLIC -> PRESIDING_CHAIR -> PRESIDING_CHAIR -> PRESIDING_CHAIR -> PRESIDING_CHAIR -> PRESIDING_CHAIR -> COMMITTEE_MEMBER -> PUBLIC -> COMMITTEE_MEMBER -> PUBLIC -> COMMITTEE_MEMBER -> PUBLIC -> COMMITTEE_MEMBER -> PRESIDING_CHAIR -> COMMITTEE_MEMBER -> PUBLIC -> COMMITTEE_MEMBER -> PUBLIC -> COMMITTEE_MEMBER -> PRESIDING_CHAIR -> COMMITTEE_MEMBER -> PRESIDING_CHAIR -> COMMITTEE_MEMBER -> PRESIDING_CHAIR -> COMMITTEE_MEMBER -> PRESIDING_CHAIR -> COMMITTEE_MEMBER -> COMMITTEE_MEMBER -> PRESIDING_CHAIR -> COMMITTEE_MEMBER -> PRESIDING_CHAIR -> COMMITTEE_MEMBER -> PUBLIC -> PRESIDING_CHAIR -> PUBLIC -> COMMITTEE_MEMBER -> PUBLIC -> PRESIDING_CHAIR -> COMMITTEE_MEMBER -> PRESIDING_CHAIR -> SECRETARY -> PRESIDING_CHAIR -> COMMITTEE_MEMBER -> PUBLIC -> COMMITTEE_MEMBER -> PUBLIC -> COMMITTEE_MEMBER -> PUBLIC -> COMMITTEE_MEMBER -> PUBLIC -> COMMITTEE_MEMBER -> PRESIDING_CHAIR -> PUBLIC -> PRESIDING_CHAIR -> PUBLIC -> PRESIDING_CHAIR -> PUBLIC -> PUBLIC -> PUBLIC -> PUBLIC -> PUBLIC -> PUBLIC -> PRESIDING_CHAIR -> PRESIDING_CHAIR -> PRESIDING_CHAIR -> PRESIDING_CHAIR -> PRESIDING_CHAIR -> SECRETARY -> PRESIDING_CHAIR -> SECRETARY
54258,CA_201720180SB117,40,PRESIDING_CHAIR -> EXPERT -> PRESIDING_CHAIR -> PRESIDING_CHAIR -> EXPERT -> PRESIDING_CHAIR -> EXPERT -> PRESIDING_CHAIR -> PRESIDING_CHAIR -> PRESIDING_CHAIR -> PRESIDING_CHAIR -> SECRETARY -> PRESIDING_CHAIR -> SECRETARY -> PRESIDING_CHAIR -> PUBLIC -> PRESIDING_CHAIR -> PUBLIC -> PRESIDING_CHAIR -> EXPERT -> PRESIDING_CHAIR -> COMMITTEE_MEMBER -> EXPERT -> COMMITTEE_MEMBER -> EXPERT -> COMMITTEE_MEMBER -> PRESIDING_CHAIR -> PRESIDING_CHAIR -> PRESIDING_CHAIR -> COMMITTEE_MEMBER -> EXPERT -> COMMITTEE_MEMBER -> EXPERT -> COMMITTEE_MEMBER -> PRESIDING_CHAIR -> COMMITTEE_MEMBER -> PRESIDING_CHAIR -> SECRETARY -> PRESIDING_CHAIR -> SECRETARY
255370,CA_201720180SB860,8,NONLEGISLATOR -> PRESIDING_CHAIR -> PRESIDING_CHAIR -> NONLEGISLATOR -> PRESIDING_CHAIR -> NONLEGISLATOR -> PRESIDING_CHAIR -> PRESIDING_CHAIR
255370,CA_201720180SB840,9,PRESIDING_CHAIR -> EXPERT -> PRESIDING_CHAIR -> PRESIDING_CHAIR -> EXPERT -> PRESIDING_CHAIR -> COMMITTEE_MEMBER -> EXPERT -> COMMITTEE_MEMBER
255410,CA_201720180SB845,37,NONLEGISLATOR -> PRESIDING_CHAIR -> PRESIDING_CHAIR -> PUBLIC -> PRESIDING_CHAIR -> PUBLIC -> PRESIDING_CHAIR -> PUBLIC -> PRESIDING_CHAIR -> PRESIDING_CHAIR -> COMMITTEE_MEMBER -> PUBLIC -> COMMITTEE_MEMBER -> PUBLIC -> COMMITTEE_MEMBER -> PUBLIC -> COMMITTEE_MEMBER -> PUBLIC -> COMMITTEE_MEMBER -> PUBLIC -> COMMITTEE_MEMBER -> PRESIDING_CHAIR -> COMMITTEE_MEMBER -> PRESIDING_CHAIR -> COMMITTEE_MEMBER -> PRESIDING_CHAIR -> COMMITTEE_MEMBER -> PRESIDING_CHAIR -> PUBLIC -> COMMITTEE_MEMBER -> PRESIDING_CHAIR -> PUBLIC -> PRESIDING_CHAIR -> PUBLIC -> PUBLIC -> PUBLIC -> PRESIDING_CHAIR
255564,CA_201720180SB862,146,PRESIDING_CHAIR -> SECRETARY -> PRESIDING_CHAIR -> PUBLIC -> PRESIDING_CHAIR -> PRESIDING_CHAIR -> PUBLIC -> PRESIDING_CHAIR -> PUBLIC -> PRESIDING_CHAIR -> PUBLIC -> PRESIDING_CHAIR -> PRESIDING_CHAIR -> PRESIDING_CHAIR -> PUBLIC -> PRESIDING_CHAIR -> PRESIDING_CHAIR -> PRESIDING_CHAIR -> PRESIDING_CHAIR -> PRESIDING_CHAIR -> SECRETARY -> COMMITTEE_MEMBER -> PUBLIC -> COMMITTEE_MEMBER -> PUBLIC -> COMMITTEE_MEMBER -> PRESIDING_CHAIR -> COMMITTEE_MEMBER -> PUBLIC -> COMMITTEE_MEMBER -> PUBLIC -> COMMITTEE_MEMBER -> PRESIDING_CHAIR -> COMMITTEE_MEMBER -> PRESIDING_CHAIR -> COMMITTEE_MEMBER -> PRESIDING_CHAIR -> COMMITTEE_MEMBER -> PRESIDING_CHAIR -> COMMITTEE_MEMBER -> PRESIDING_CHAIR -> PUBLIC -> PUBLIC -> PUBLIC -> PUBLIC -> PUBLIC -> PUBLIC -> PUBLIC -> PUBLIC -> PUBLIC -> PUBLIC -> PUBLIC -> PUBLIC -> PUBLIC -> PRESIDING_CHAIR -> COMMITTEE_MEMBER -> PRESIDING_CHAIR -> COMMITTEE_MEMBER -> PUBLIC -> COMMITTEE_MEMBER -> PUBLIC -> COMMITTEE_MEMBER -> PUBLIC -> COMMITTEE_MEMBER -> PUBLIC -> COMMITTEE_MEMBER -> PRESIDING_CHAIR -> COMMITTEE_MEMBER -> PRESIDING_CHAIR -> COMMITTEE_MEMBER -> PUBLIC -> COMMITTEE_MEMBER -> PUBLIC -> COMMITTEE_MEMBER -> PUBLIC -> COMMITTEE_MEMBER -> PUBLIC -> COMMITTEE_MEMBER -> PUBLIC -> COMMITTEE_MEMBER -> PUBLIC -> COMMITTEE_MEMBER -> PUBLIC -> COMMITTEE_MEMBER -> PRESIDING_CHAIR -> COMMITTEE_MEMBER -> PUBLIC -> COMMITTEE_MEMBER -> PUBLIC -> COMMITTEE_MEMBER -> PUBLIC -> COMMITTEE_MEMBER -> PUBLIC -> COMMITTEE_MEMBER -> PUBLIC -> COMMITTEE_MEMBER -> PRESIDING_CHAIR -> COMMITTEE_MEMBER -> PRESIDING_CHAIR -> COMMITTEE_MEMBER -> PRESIDING_CHAIR -> COMMITTEE_MEMBER -> PUBLIC -> COMMITTEE_MEMBER -> PUBLIC -> COMMITTEE_MEMBER -> PUBLIC -> COMMITTEE_MEMBER -> PUBLIC -> COMMITTEE_MEMBER -> PRESIDING_CHAIR -> COMMITTEE_MEMBER -> PUBLIC -> COMMITTEE_MEMBER -> PUBLIC -> COMMITTEE_MEMBER -> PRESIDING_CHAIR -> COMMITTEE_MEMBER -> PUBLIC -> COMMITTEE_MEMBER -> PUBLIC -> COMMITTEE_MEMBER -> PRESIDING_CHAIR -> COMMITTEE_MEMBER -> COMMITTEE_MEMBER -> COMMITTEE_MEMBER -> COMMITTEE_MEMBER -> PRESIDING_CHAIR -> COMMITTEE_MEMBER -> PRESIDING_CHAIR -> COMMITTEE_MEMBER -> PRESIDING_CHAIR -> COMMITTEE_MEMBER -> PRESIDING_CHAIR -> COMMITTEE_MEMBER -> PUBLIC -> PRESIDING_CHAIR -> COMMITTEE_MEMBER -> PRESIDING_CHAIR -> PUBLIC -> PRESIDING_CHAIR -> PUBLIC -> PUBLIC -> PRESIDING_CHAIR -> SECRETARY -> PRESIDING_CHAIR
255564,CA_201720180SB876,28,PUBLIC -> PRESIDING_CHAIR -> SECRETARY -> PRESIDING_CHAIR -> SECRETARY -> PRESIDING_CHAIR -> SECRETARY -> COMMITTEE_MEMBER -> SECRETARY -> COMMITTEE_MEMBER -> SECRETARY -> COMMITTEE_MEMBER -> SECRETARY -> COMMITTEE_MEMBER -> SECRETARY -> COMMITTEE_MEMBER -> SECRETARY -> COMMITTEE_MEMBER -> SECRETARY -> COMMITTEE_MEMBER -> SECRETARY -> COMMITTEE_MEMBER -> SECRETARY -> COMMITTEE_MEMBER -> COMMITTEE_MEMBER -> SECRETARY -> COMMITTEE_MEMBER -> SECRETARY
52356,CA_201720180AB326,24,PRESIDING_CHAIR -> NONLEGISLATOR -> PRESIDING_CHAIR -> NONLEGISLATOR -> PRESIDING_CHAIR -> COMMITTEE_MEMBER -> PRESIDING_CHAIR -> COMMITTEE_MEMBER -> PRESIDING_CHAIR -> PRESIDING_CHAIR -> PRESIDING_CHAIR -> SECRETARY -> PRESIDING_CHAIR -> PRESIDING_CHAIR -> SECRETARY -> PRESIDING_CHAIR -> SECRETARY -> PRESIDING_CHAIR -> SECRETARY -> PRESIDING_CHAIR -> SECRETARY -> PRESIDING_CHAIR -> SECRETARY -> PRESIDING_CHAIR
52356,CA_201720180AB89,56,PRESIDING_CHAIR -> BILL_AUTHOR -> EXPERT -> PRESIDING_CHAIR -> EXPERT -> PRESIDING_CHAIR -> EXPERT -> PRESIDING_CHAIR -> EXPERT -> PRESIDING_CHAIR -> SECRETARY -> PRESIDING_CHAIR -> SECRETARY -> PRESIDING_CHAIR -> EXPERT -> PRESIDING_CHAIR -> PUBLIC -> PRESIDING_CHAIR -> PUBLIC -> PUBLIC -> PRESIDING_CHAIR -> PUBLIC -> PRESIDING_CHAIR -> PUBLIC -> PRESIDING_CHAIR -> PRESIDING_CHAIR -> PRESIDING_CHAIR -> BILL_AUTHOR -> PRESIDING_CHAIR -> COMMITTEE_MEMBER -> BILL_AUTHOR -> PUBLIC -> COMMITTEE_MEMBER -> PUBLIC -> COMMITTEE_MEMBER -> PUBLIC -> PRESIDING_CHAIR -> PUBLIC -> PRESIDING_CHAIR -> PUBLIC -> PUBLIC -> PRESIDING_CHAIR -> COMMITTEE_MEMBER -> PRESIDING_CHAIR -> COMMITTEE_MEMBER -> BILL_AUTHOR -> PRESIDING_CHAIR -> COMMITTEE_MEMBER -> PRESIDING_CHAIR -> BILL_AUTHOR -> PUBLIC -> PRESIDING_CHAIR -> SECRETARY -> PRESIDING_CHAIR -> BILL_AUTHOR -> PRESIDING_CHAIR
52360,CA_201720180AB456,26,BILL_AUTHOR -> PRESIDING_CHAIR -> NONLEGISLATOR -> PRESIDING_CHAIR -> EXPERT -> PRESIDING_CHAIR -> SECRETARY -> PRESIDING_CHAIR -> BILL_AUTHOR -> PRESIDING_CHAIR -> EXPERT -> PRESIDING_CHAIR -> NONLEGISLATOR -> PRESIDING_CHAIR -> PRESIDING_CHAIR -> PRESIDING_CHAIR -> COMMITTEE_MEMBER -> PRESIDING_CHAIR -> BILL_AUTHOR -> PRESIDING_CHAIR -> SECRETARY -> PRESIDING_CHAIR -> BILL_AUTHOR -> COMMITTEE_MEMBER -> PRESIDING_CHAIR -> SECRETARY
52381,CA_201720180AB963,62,PRESIDING_CHAIR -> PRESIDING_CHAIR -> EXPERT -> PRESIDING_CHAIR -> EXPERT -> PRESIDING_CHAIR -> PUBLIC -> EXPERT -> PUBLIC -> PRESIDING_CHAIR -> COMMITTEE_MEMBER -> EXPERT -> COMMITTEE_MEMBER -> EXPERT -> COMMITTEE_MEMBER -> EXPERT -> PRESIDING_CHAIR -> COMMITTEE_MEMBER -> PRESIDING_CHAIR -> BILL_AUTHOR -> EXPERT -> BILL_AUTHOR -> EXPERT -> BILL_AUTHOR -> PUBLIC -> BILL_AUTHOR -> EXPERT -> PUBLIC -> EXPERT -> BILL_AUTHOR -> EXPERT -> BILL_AUTHOR -> EXPERT -> PRESIDING_CHAIR -> COMMITTEE_MEMBER -> EXPERT -> PRESIDING_CHAIR -> PUBLIC -> PRESIDING_CHAIR -> COMMITTEE_MEMBER -> EXPERT -> PUBLIC -> COMMITTEE_MEMBER -> PUBLIC -> COMMITTEE_MEMBER -> EXPERT -> COMMITTEE_MEMBER -> PRESIDING_CHAIR -> COMMITTEE_MEMBER -> EXPERT -> PRESIDING_CHAIR -> PRESIDING_CHAIR -> PRESIDING_CHAIR -> PRESIDING_CHAIR -> PRESIDING_CHAIR -> BILL_AUTHOR -> PRESIDING_CHAIR -> SECRETARY -> COMMITTEE_MEMBER -> SECRETARY -> PRESIDING_CHAIR -> BILL_AUTHOR
52381,CA_201720180AB315,69,BILL_AUTHOR -> PRESIDING_CHAIR -> SECRETARY -> PRESIDING_CHAIR -> NONLEGISLATOR -> PRESIDING_CHAIR -> PUBLIC -> PUBLIC -> PRESIDING_CHAIR -> PUBLIC -> PUBLIC -> PRESIDING_CHAIR -> PUBLIC -> PUBLIC -> PUBLIC -> PUBLIC -> PRESIDING_CHAIR -> PUBLIC -> PRESIDING_CHAIR -> PUBLIC -> PUBLIC -> PUBLIC -> PRESIDING_CHAIR -> BILL_AUTHOR -> BILL_AUTHOR -> BILL_AUTHOR -> PRESIDING_CHAIR -> COMMITTEE_MEMBER -> BILL_AUTHOR -> COMMITTEE_MEMBER -> BILL_AUTHOR -> COMMITTEE_MEMBER -> COMMITTEE_MEMBER -> BILL_AUTHOR -> COMMITTEE_MEMBER -> BILL_AUTHOR -> COMMITTEE_MEMBER -> BILL_AUTHOR -> PRESIDING_CHAIR -> BILL_AUTHOR -> COMMITTEE_MEMBER -> BILL_AUTHOR -> COMMITTEE_MEMBER -> BILL_AUTHOR -> PUBLIC -> COMMITTEE_MEMBER -> BILL_AUTHOR -> PRESIDING_CHAIR -> COMMITTEE_MEMBER -> PRESIDING_CHAIR -> COMMITTEE_MEMBER -> BILL_AUTHOR -> PUBLIC -> COMMITTEE_MEMBER -> PUBLIC -> PRESIDING_CHAIR -> PUBLIC -> COMMITTEE_MEMBER -> PUBLIC -> COMMITTEE_MEMBER -> PUBLIC -> COMMITTEE_MEMBER -> PUBLIC -> COMMITTEE_MEMBER -> BILL_AUTHOR -> PRESIDING_CHAIR -> BILL_AUTHOR -> PRESIDING_CHAIR -> SECRETARY
52465,CA_201720180AB443,19,PRESIDING_CHAIR -> NONLEGISLATOR -> PUBLIC -> PUBLIC -> PRESIDING_CHAIR -> PUBLIC -> PRESIDING_CHAIR -> PUBLIC -> PRESIDING_CHAIR -> COMMITTEE_MEMBER -> PRESIDING_CHAIR -> COMMITTEE_MEMBER -> PRESIDING_CHAIR -> PUBLIC -> PRESIDING_CHAIR -> PRESIDING_CHAIR -> PRESIDING_CHAIR -> SECRETARY -> PRESIDING_CHAIR
52465,CA_201720180AB1190,21,PRESIDING_CHAIR -> EXPERT -> COMMITTEE_MEMBER -> PRESIDING_CHAIR -> COMMITTEE_MEMBER -> PRESIDING_CHAIR -> COMMITTEE_MEMBER -> COMMITTEE_MEMBER -> COMMITTEE_MEMBER -> PRESIDING_CHAIR -> COMMITTEE_MEMBER -> SECRETARY -> COMMITTEE_MEMBER -> PRESIDING_CHAIR -> COMMITTEE_MEMBER -> PRESIDING_CHAIR -> COMMITTEE_MEMBER -> EXPERT -> COMMITTEE_MEMBER -> SECRETARY -> COMMITTEE_MEMBER
53843,CA_201720180SB554,21,PRESIDING_CHAIR -> BILL_AUTHOR -> PRESIDING_CHAIR -> SECRETARY -> PRESIDING_CHAIR -> PUBLIC -> PRESIDING_CHAIR -> PUBLIC -> PRESIDING_CHAIR -> PRESIDING_CHAIR -> BILL_AUTHOR -> PRESIDING_CHAIR -> BILL_AUTHOR -> PRESIDING_CHAIR -> SECRETARY -> PRESIDING_CHAIR -> SECRETARY -> PRESIDING_CHAIR -> SECRETARY -> PRESIDING_CHAIR -> BILL_AUTHOR
54008,CA_201720180SB314,63,PRESIDING_CHAIR -> BILL_AUTHOR -> PRESIDING_CHAIR -> EXPERT -> PRESIDING_CHAIR -> EXPERT -> PRESIDING_CHAIR -> PRESIDING_CHAIR -> BILL_AUTHOR -> EXPERT -> PRESIDING_CHAIR -> EXPERT -> PRESIDING_CHAIR -> BILL_AUTHOR -> PRESIDING_CHAIR -> PRESIDING_CHAIR -> COMMITTEE_MEMBER -> BILL_AUTHOR -> PRESIDING_CHAIR -> SECRETARY -> PRESIDING_CHAIR -> COMMITTEE_MEMBER -> BILL_AUTHOR -> COMMITTEE_MEMBER -> BILL_AUTHOR -> COMMITTEE_MEMBER -> BILL_AUTHOR -> COMMITTEE_MEMBER -> BILL_AUTHOR -> COMMITTEE_MEMBER -> PRESIDING_CHAIR -> COMMITTEE_MEMBER -> BILL_AUTHOR -> COMMITTEE_MEMBER -> EXPERT -> COMMITTEE_MEMBER -> EXPERT -> COMMITTEE_MEMBER -> BILL_AUTHOR -> COMMITTEE_MEMBER -> EXPERT -> COMMITTEE_MEMBER -> EXPERT -> COMMITTEE_MEMBER -> EXPERT -> COMMITTEE_MEMBER -> PRESIDING_CHAIR -> BILL_AUTHOR -> PRESIDING_CHAIR -> COMMITTEE_MEMBER -> BILL_AUTHOR -> COMMITTEE_MEMBER -> PRESIDING_CHAIR -> EXPERT -> PRESIDING_CHAIR -> COMMITTEE_MEMBER -> BILL_AUTHOR -> COMMITTEE_MEMBER -> PRESIDING_CHAIR -> BILL_AUTHOR -> PRESIDING_CHAIR -> SECRETARY -> PRESIDING_CHAIR
54171,CA_201720180SB559,58,PRESIDING_CHAIR -> BILL_AUTHOR -> PRESIDING_CHAIR -> BILL_AUTHOR -> PRESIDING_CHAIR -> SECRETARY -> PRESIDING_CHAIR -> PRESIDING_CHAIR -> SECRETARY -> COMMITTEE_MEMBER -> SECRETARY -> COMMITTEE_MEMBER -> COMMITTEE_MEMBER -> SECRETARY -> COMMITTEE_MEMBER -> SECRETARY -> COMMITTEE_MEMBER -> SECRETARY -> COMMITTEE_MEMBER -> SECRETARY -> COMMITTEE_MEMBER -> SECRETARY -> PRESIDING_CHAIR -> BILL_AUTHOR -> PRESIDING_CHAIR -> PUBLIC -> PUBLIC -> PRESIDING_CHAIR -> BILL_AUTHOR -> PRESIDING_CHAIR -> SECRETARY -> PRESIDING_CHAIR -> SECRETARY -> PRESIDING_CHAIR -> SECRETARY -> COMMITTEE_MEMBER -> SECRETARY -> COMMITTEE_MEMBER -> SECRETARY -> COMMITTEE_MEMBER -> SECRETARY -> COMMITTEE_MEMBER -> SECRETARY -> COMMITTEE_MEMBER -> SECRETARY -> COMMITTEE_MEMBER -> SECRETARY -> COMMITTEE_MEMBER -> SECRETARY -> COMMITTEE_MEMBER -> SECRETARY -> COMMITTEE_MEMBER -> SECRETARY -> PRESIDING_CHAIR -> SECRETARY -> COMMITTEE_MEMBER -> SECRETARY -> PRESIDING_CHAIR
54141,CA_201720180SB798,73,PRESIDING_CHAIR -> BILL_AUTHOR -> PRESIDING_CHAIR -> SECRETARY -> PRESIDING_CHAIR -> BILL_AUTHOR -> PRESIDING_CHAIR -> PUBLIC -> PUBLIC -> PRESIDING_CHAIR -> PUBLIC -> PRESIDING_CHAIR -> PUBLIC -> PRESIDING_CHAIR -> PUBLIC -> PRESIDING_CHAIR -> PUBLIC -> PUBLIC -> PRESIDING_CHAIR -> PUBLIC -> PUBLIC -> PUBLIC -> PUBLIC -> PUBLIC -> PUBLIC -> PUBLIC -> PUBLIC -> PRESIDING_CHAIR -> BILL_AUTHOR -> PRESIDING_CHAIR -> BILL_AUTHOR -> PRESIDING_CHAIR -> BILL_AUTHOR -> PRESIDING_CHAIR -> PRESIDING_CHAIR -> BILL_AUTHOR -> PRESIDING_CHAIR -> BILL_AUTHOR -> PRESIDING_CHAIR -> BILL_AUTHOR -> PRESIDING_CHAIR -> BILL_AUTHOR -> PRESIDING_CHAIR -> BILL_AUTHOR -> PUBLIC -> PRESIDING_CHAIR -> BILL_AUTHOR -> PRESIDING_CHAIR -> BILL_AUTHOR -> PRESIDING_CHAIR -> BILL_AUTHOR -> PRESIDING_CHAIR -> COMMITTEE_MEMBER -> PRESIDING_CHAIR -> BILL_AUTHOR -> PRESIDING_CHAIR -> BILL_AUTHOR -> PRESIDING_CHAIR -> COMMITTEE_MEMBER -> BILL_AUTHOR -> COMMITTEE_MEMBER -> BILL_AUTHOR -> PRESIDING_CHAIR -> BILL_AUTHOR -> PRESIDING_CHAIR -> BILL_AUTHOR -> PRESIDING_CHAIR -> BILL_AUTHOR -> PRESIDING_CHAIR -> SECRETARY -> PRESIDING_CHAIR -> SECRETARY -> PRESIDING_CHAIR
54290,CA_201720180SB798,71,PRESIDING_CHAIR -> BILL_AUTHOR -> PRESIDING_CHAIR -> EXPERT -> PUBLIC -> PUBLIC -> PRESIDING_CHAIR -> PUBLIC -> PRESIDING_CHAIR -> PUBLIC -> PRESIDING_CHAIR -> PUBLIC -> PUBLIC -> PUBLIC -> PRESIDING_CHAIR -> PUBLIC -> PRESIDING_CHAIR -> SECRETARY -> PRESIDING_CHAIR -> PUBLIC -> PRESIDING_CHAIR -> PUBLIC -> PRESIDING_CHAIR -> PRESIDING_CHAIR -> BILL_AUTHOR -> PRESIDING_CHAIR -> PUBLIC -> PRESIDING_CHAIR -> BILL_AUTHOR -> PRESIDING_CHAIR -> PRESIDING_CHAIR -> BILL_AUTHOR -> EXPERT -> PRESIDING_CHAIR -> BILL_AUTHOR -> PRESIDING_CHAIR -> BILL_AUTHOR -> EXPERT -> PRESIDING_CHAIR -> PRESIDING_CHAIR -> COMMITTEE_MEMBER -> BILL_AUTHOR -> EXPERT -> COMMITTEE_MEMBER -> EXPERT -> COMMITTEE_MEMBER -> BILL_AUTHOR -> COMMITTEE_MEMBER -> BILL_AUTHOR -> PUBLIC -> COMMITTEE_MEMBER -> PUBLIC -> BILL_AUTHOR -> COMMITTEE_MEMBER -> BILL_AUTHOR -> PRESIDING_CHAIR -> COMMITTEE_MEMBER -> PUBLIC -> COMMITTEE_MEMBER -> PUBLIC -> COMMITTEE_MEMBER -> BILL_AUTHOR -> COMMITTEE_MEMBER -> BILL_AUTHOR -> PRESIDING_CHAIR -> BILL_AUTHOR -> PRESIDING_CHAIR -> BILL_AUTHOR -> PRESIDING_CHAIR -> SECRETARY -> PRESIDING_CHAIR
252987,CA_201720180AB749,10,PRESIDING_CHAIR -> PRESIDING_CHAIR -> PRESIDING_CHAIR -> SECRETARY -> PRESIDING_CHAIR -> PRESIDING_CHAIR -> PUBLIC -> PRESIDING_CHAIR -> SECRETARY -> PRESIDING_CHAIR
254172,CA_201720180AB2037,28,PRESIDING_CHAIR -> BILL_AUTHOR -> PRESIDING_CHAIR -> BILL_AUTHOR -> EXPERT -> PRESIDING_CHAIR -> COMMITTEE_MEMBER -> EXPERT -> COMMITTEE_MEMBER -> EXPERT -> COMMITTEE_MEMBER -> EXPERT -> COMMITTEE_MEMBER -> EXPERT -> PRESIDING_CHAIR -> PRESIDING_CHAIR -> EXPERT -> PRESIDING_CHAIR -> EXPERT -> PRESIDING_CHAIR -> EXPERT -> PRESIDING_CHAIR -> BILL_AUTHOR -> PRESIDING_CHAIR -> SECRETARY -> PRESIDING_CHAIR -> BILL_AUTHOR -> PRESIDING_CHAIR
254663,CA_201720180AB2859,32,PRESIDING_CHAIR -> BILL_AUTHOR -> PRESIDING_CHAIR -> SECRETARY -> PRESIDING_CHAIR -> BILL_AUTHOR -> NONLEGISLATOR -> BILL_AUTHOR -> PRESIDING_CHAIR -> EXPERT -> PRESIDING_CHAIR -> PUBLIC -> PUBLIC -> PUBLIC -> PRESIDING_CHAIR -> PRESIDING_CHAIR -> BILL_AUTHOR -> PRESIDING_CHAIR -> BILL_AUTHOR -> PRESIDING_CHAIR -> BILL_AUTHOR -> PRESIDING_CHAIR -> BILL_AUTHOR -> PRESIDING_CHAIR -> BILL_AUTHOR -> PRESIDING_CHAIR -> BILL_AUTHOR -> PRESIDING_CHAIR -> SECRETARY -> PRESIDING_CHAIR -> BILL_AUTHOR -> PRESIDING_CHAIR
254710,CA_201720180AB2409,31,BILL_AUTHOR -> EXPERT -> PRESIDING_CHAIR -> PUBLIC -> PRESIDING_CHAIR -> PUBLIC -> PRESIDING_CHAIR -> PUBLIC -> PRESIDING_CHAIR -> PUBLIC -> PUBLIC -> PRESIDING_CHAIR -> PRESIDING_CHAIR -> BILL_AUTHOR -> PRESIDING_CHAIR -> COMMITTEE_MEMBER -> BILL_AUTHOR -> COMMITTEE_MEMBER -> PRESIDING_CHAIR -> COMMITTEE_MEMBER -> BILL_AUTHOR -> PRESIDING_CHAIR -> EXPERT -> COMMITTEE_MEMBER -> PRESIDING_CHAIR -> BILL_AUTHOR -> PRESIDING_CHAIR -> SECRETARY -> PRESIDING_CHAIR -> BILL_AUTHOR -> PRESIDING_CHAIR
254710,CA_201720180AB3110,77,PRESIDING_CHAIR -> PRESIDING_CHAIR -> PRESIDING_CHAIR -> SECRETARY -> PRESIDING_CHAIR -> PUBLIC -> NONLEGISLATOR -> PUBLIC -> PRESIDING_CHAIR -> PUBLIC -> PUBLIC -> PUBLIC -> PUBLIC -> PUBLIC -> PUBLIC -> PUBLIC -> PUBLIC -> PUBLIC -> PUBLIC -> PUBLIC -> PUBLIC -> PUBLIC -> PUBLIC -> PRESIDING_CHAIR -> PUBLIC -> PRESIDING_CHAIR -> PUBLIC -> PRESIDING_CHAIR -> PUBLIC -> PRESIDING_CHAIR -> PUBLIC -> PUBLIC -> PUBLIC -> PUBLIC -> PUBLIC -> PUBLIC -> PRESIDING_CHAIR -> COMMITTEE_MEMBER -> PRESIDING_CHAIR -> COMMITTEE_MEMBER -> PUBLIC -> COMMITTEE_MEMBER -> PUBLIC -> COMMITTEE_MEMBER -> PUBLIC -> PUBLIC -> COMMITTEE_MEMBER -> PUBLIC -> COMMITTEE_MEMBER -> PRESIDING_CHAIR -> COMMITTEE_MEMBER -> PRESIDING_CHAIR -> COMMITTEE_MEMBER -> PUBLIC -> PRESIDING_CHAIR -> COMMITTEE_MEMBER -> PUBLIC -> COMMITTEE_MEMBER -> PRESIDING_CHAIR -> PUBLIC -> COMMITTEE_MEMBER -> PUBLIC -> COMMITTEE_MEMBER -> PRESIDING_CHAIR -> COMMITTEE_MEMBER -> PRESIDING_CHAIR -> PUBLIC -> COMMITTEE_MEMBER -> PUBLIC -> COMMITTEE_MEMBER -> PRESIDING_CHAIR -> COMMITTEE_MEMBER -> PUBLIC -> COMMITTEE_MEMBER -> PRESIDING_CHAIR -> PRESIDING_CHAIR -> PRESIDING_CHAIR
254788,CA_201720180AB2608,25,BILL_AUTHOR -> PRESIDING_CHAIR -> NONLEGISLATOR -> PRESIDING_CHAIR -> PUBLIC -> PRESIDING_CHAIR -> COMMITTEE_MEMBER -> BILL_AUTHOR -> COMMITTEE_MEMBER -> BILL_AUTHOR -> COMMITTEE_MEMBER -> BILL_AUTHOR -> PRESIDING_CHAIR -> COMMITTEE_MEMBER -> BILL_AUTHOR -> PRESIDING_CHAIR -> COMMITTEE_MEMBER -> BILL_AUTHOR -> COMMITTEE_MEMBER -> PRESIDING_CHAIR -> BILL_AUTHOR -> PRESIDING_CHAIR -> SECRETARY -> PRESIDING_CHAIR -> BILL_AUTHOR
254788,CA_201720180AB1998,18,BILL_AUTHOR -> PUBLIC -> PRESIDING_CHAIR -> PUBLIC -> PUBLIC -> PUBLIC -> PUBLIC -> PRESIDING_CHAIR -> PRESIDING_CHAIR -> BILL_AUTHOR -> PRESIDING_CHAIR -> PUBLIC -> PRESIDING_CHAIR -> PUBLIC -> PUBLIC -> PRESIDING_CHAIR -> BILL_AUTHOR -> PRESIDING_CHAIR
255060,CA_201720180SB1109,25,BILL_AUTHOR -> PRESIDING_CHAIR -> SECRETARY -> PRESIDING_CHAIR -> PUBLIC -> PRESIDING_CHAIR -> PUBLIC -> PRESIDING_CHAIR -> PUBLIC -> PRESIDING_CHAIR -> PUBLIC -> PUBLIC -> PUBLIC -> PUBLIC -> PUBLIC -> PRESIDING_CHAIR -> COMMITTEE_MEMBER -> BILL_AUTHOR -> PRESIDING_CHAIR -> PRESIDING_CHAIR -> PRESIDING_CHAIR -> BILL_AUTHOR -> PRESIDING_CHAIR -> SECRETARY -> PRESIDING_CHAIR
255318,CA_201720180SB1254,25,BILL_AUTHOR -> PRESIDING_CHAIR -> SECRETARY -> PRESIDING_CHAIR -> NONLEGISLATOR -> PRESIDING_CHAIR -> NONLEGISLATOR -> PRESIDING_CHAIR -> PUBLIC -> PRESIDING_CHAIR -> PUBLIC -> PUBLIC -> PRESIDING_CHAIR -> PUBLIC -> PRESIDING_CHAIR -> PRESIDING_CHAIR -> BILL_AUTHOR -> PRESIDING_CHAIR -> PRESIDING_CHAIR -> BILL_AUTHOR -> PRESIDING_CHAIR -> SECRETARY -> PRESIDING_CHAIR -> BILL_AUTHOR -> PRESIDING_CHAIR
255384,CA_201720180SB937,49,BILL_AUTHOR -> PRESIDING_CHAIR -> PUBLIC -> PRESIDING_CHAIR -> PUBLIC -> PRESIDING_CHAIR -> SECRETARY -> PRESIDING_CHAIR -> PUBLIC -> PUBLIC -> PUBLIC -> PUBLIC -> PUBLIC -> PUBLIC -> PUBLIC -> PRESIDING_CHAIR -> PUBLIC -> PUBLIC -> PRESIDING_CHAIR -> PUBLIC -> PUBLIC -> PUBLIC -> PUBLIC -> PRESIDING_CHAIR -> PRESIDING_CHAIR -> BILL_AUTHOR -> PRESIDING_CHAIR -> BILL_AUTHOR -> PRESIDING_CHAIR -> BILL_AUTHOR -> PRESIDING_CHAIR -> BILL_AUTHOR -> PRESIDING_CHAIR -> BILL_AUTHOR -> PRESIDING_CHAIR -> COMMITTEE_MEMBER -> BILL_AUTHOR -> PRESIDING_CHAIR -> COMMITTEE_MEMBER -> BILL_AUTHOR -> COMMITTEE_MEMBER -> BILL_AUTHOR -> COMMITTEE_MEMBER -> BILL_AUTHOR -> COMMITTEE_MEMBER -> BILL_AUTHOR -> PRESIDING_CHAIR -> BILL_AUTHOR -> PRESIDING_CHAIR
255384,CA_201520160SB999,124,PRESIDING_CHAIR -> BILL_AUTHOR -> PRESIDING_CHAIR -> SECRETARY -> PRESIDING_CHAIR -> EXPERT -> PRESIDING_CHAIR -> PUBLIC -> PRESIDING_CHAIR -> PUBLIC -> PRESIDING_CHAIR -> PUBLIC -> PRESIDING_CHAIR -> PUBLIC -> PRESIDING_CHAIR -> PUBLIC -> PRESIDING_CHAIR -> PUBLIC -> PUBLIC -> PUBLIC -> PUBLIC -> PUBLIC -> PUBLIC -> PRESIDING_CHAIR -> PUBLIC -> PUBLIC -> PUBLIC -> PUBLIC -> PUBLIC -> PUBLIC -> PUBLIC -> PUBLIC -> PUBLIC -> PUBLIC -> PUBLIC -> PUBLIC -> PUBLIC -> PUBLIC -> PUBLIC -> PUBLIC -> PUBLIC -> PUBLIC -> PUBLIC -> PUBLIC -> PUBLIC -> PUBLIC -> PUBLIC -> PUBLIC -> PUBLIC -> PUBLIC -> PUBLIC -> PUBLIC -> PUBLIC -> PUBLIC -> PUBLIC -> PUBLIC -> PUBLIC -> PUBLIC -> PUBLIC -> PUBLIC -> PUBLIC -> PUBLIC -> PUBLIC -> PUBLIC -> PUBLIC -> PUBLIC -> PUBLIC -> PUBLIC -> PUBLIC -> PUBLIC -> PUBLIC -> PUBLIC -> PUBLIC -> PUBLIC -> PUBLIC -> PUBLIC -> PUBLIC -> PUBLIC -> PUBLIC -> PUBLIC -> PUBLIC -> PUBLIC -> PUBLIC -> PUBLIC -> PUBLIC -> PUBLIC -> PUBLIC -> PUBLIC -> PUBLIC -> PUBLIC -> PUBLIC -> PUBLIC -> PUBLIC -> PUBLIC -> PUBLIC -> PUBLIC -> PUBLIC -> PUBLIC -> PUBLIC -> PUBLIC -> PUBLIC -> PUBLIC -> PUBLIC -> PUBLIC -> PRESIDING_CHAIR -> PRESIDING_CHAIR -> BILL_AUTHOR -> PRESIDING_CHAIR -> BILL_AUTHOR -> PRESIDING_CHAIR -> BILL_AUTHOR -> PRESIDING_CHAIR -> BILL_AUTHOR -> PRESIDING_CHAIR -> BILL_AUTHOR -> PRESIDING_CHAIR -> COMMITTEE_MEMBER -> PRESIDING_CHAIR -> COMMITTEE_MEMBER -> BILL_AUTHOR -> PRESIDING_CHAIR -> BILL_AUTHOR -> PRESIDING_CHAIR -> SECRETARY
255607,CA_201720180AB505,9,PRESIDING_CHAIR -> PRESIDING_CHAIR -> PRESIDING_CHAIR -> BILL_AUTHOR -> PRESIDING_CHAIR -> PUBLIC -> PRESIDING_CHAIR -> BILL_AUTHOR -> PRESIDING_CHAIR
52557,CA_201720180ACR62,20,PRESIDING_CHAIR -> BILL_AUTHOR -> EXPERT -> PRESIDING_CHAIR -> PRESIDING_CHAIR -> PUBLIC -> PUBLIC -> PRESIDING_CHAIR -> SECRETARY -> PRESIDING_CHAIR -> PRESIDING_CHAIR -> BILL_AUTHOR -> PRESIDING_CHAIR -> COMMITTEE_MEMBER -> BILL_AUTHOR -> PRESIDING_CHAIR -> BILL_AUTHOR -> PRESIDING_CHAIR -> SECRETARY -> PRESIDING_CHAIR
54100,CA_201720180SB649,290,PRESIDING_CHAIR -> BILL_AUTHOR -> PRESIDING_CHAIR -> PUBLIC -> PUBLIC -> PUBLIC -> PUBLIC -> PUBLIC -> PRESIDING_CHAIR -> PUBLIC -> PUBLIC -> PUBLIC -> PUBLIC -> PRESIDING_CHAIR -> PUBLIC -> PUBLIC -> PUBLIC -> PRESIDING_CHAIR -> PUBLIC -> PUBLIC -> PUBLIC -> PRESIDING_CHAIR -> PUBLIC -> PUBLIC -> PUBLIC -> PUBLIC -> PUBLIC -> PUBLIC -> PUBLIC -> PUBLIC -> PRESIDING_CHAIR -> PUBLIC -> PUBLIC -> PUBLIC -> PUBLIC -> PUBLIC -> PUBLIC -> PUBLIC -> PUBLIC -> PUBLIC -> PUBLIC -> PUBLIC -> PUBLIC -> PUBLIC -> PUBLIC -> PUBLIC -> PUBLIC -> PUBLIC -> PUBLIC -> PRESIDING_CHAIR -> PUBLIC -> PUBLIC -> PUBLIC -> PRESIDING_CHAIR -> PUBLIC -> PRESIDING_CHAIR -> PUBLIC -> PRESIDING_CHAIR -> PUBLIC -> PRESIDING_CHAIR -> PUBLIC -> PUBLIC -> PRESIDING_CHAIR -> PUBLIC -> PRESIDING_CHAIR -> PUBLIC -> PRESIDING_CHAIR -> PUBLIC -> PRESIDING_CHAIR -> PUBLIC -> PRESIDING_CHAIR -> PUBLIC -> PRESIDING_CHAIR -> PUBLIC -> PRESIDING_CHAIR -> PUBLIC -> PRESIDING_CHAIR -> PUBLIC -> PUBLIC -> PRESIDING_CHAIR -> PUBLIC -> PUBLIC -> PUBLIC -> PRESIDING_CHAIR -> PUBLIC -> PRESIDING_CHAIR -> PUBLIC -> PUBLIC -> PUBLIC -> PUBLIC -> PUBLIC -> PUBLIC -> PUBLIC -> PRESIDING_CHAIR -> PUBLIC -> PRESIDING_CHAIR -> PUBLIC -> PRESIDING_CHAIR -> PUBLIC -> PRESIDING_CHAIR -> PUBLIC -> PUBLIC -> PUBLIC -> PUBLIC -> PRESIDING_CHAIR -> PUBLIC -> PUBLIC -> PUBLIC -> PUBLIC -> PRESIDING_CHAIR -> PUBLIC -> PRESIDING_CHAIR -> PUBLIC -> PUBLIC -> PRESIDING_CHAIR -> PUBLIC -> PRESIDING_CHAIR -> PUBLIC -> PRESIDING_CHAIR -> PUBLIC -> PRESIDING_CHAIR -> PUBLIC -> PRESIDING_CHAIR -> PUBLIC -> PRESIDING_CHAIR -> PUBLIC -> PRESIDING_CHAIR -> PUBLIC -> PRESIDING_CHAIR -> PUBLIC -> PRESIDING_CHAIR -> PUBLIC -> PRESIDING_CHAIR -> PUBLIC -> PRESIDING_CHAIR -> PUBLIC -> PRESIDING_CHAIR -> PUBLIC -> PRESIDING_CHAIR -> PUBLIC -> PRESIDING_CHAIR -> SECRETARY -> PRESIDING_CHAIR -> PUBLIC -> PUBLIC -> PUBLIC -> PUBLIC -> PUBLIC -> PUBLIC -> PUBLIC -> PUBLIC -> PRESIDING_CHAIR -> PUBLIC -> PRESIDING_CHAIR -> PUBLIC -> PUBLIC -> PUBLIC -> PUBLIC -> PUBLIC -> PUBLIC -> PUBLIC -> PUBLIC -> PUBLIC -> PUBLIC -> PUBLIC -> PUBLIC -> PUBLIC -> PUBLIC -> PUBLIC -> PUBLIC -> PUBLIC -> PUBLIC -> PUBLIC -> PUBLIC -> PUBLIC -> PUBLIC -> PRESIDING_CHAIR -> PUBLIC -> PRESIDING_CHAIR -> PRESIDING_CHAIR -> BILL_AUTHOR -> PRESIDING_CHAIR -> BILL_AUTHOR -> PRESIDING_CHAIR -> BILL_AUTHOR -> PRESIDING_CHAIR -> BILL_AUTHOR -> PRESIDING_CHAIR -> BILL_AUTHOR -> PRESIDING_CHAIR -> COMMITTEE_MEMBER -> PRESIDING_CHAIR -> COMMITTEE_MEMBER -> PUBLIC -> COMMITTEE_MEMBER -> BILL_AUTHOR -> COMMITTEE_MEMBER -> BILL_AUTHOR -> COMMITTEE_MEMBER -> BILL_AUTHOR -> PRESIDING_CHAIR -> COMMITTEE_MEMBER -> PRESIDING_CHAIR -> COMMITTEE_MEMBER -> BILL_AUTHOR -> PUBLIC -> COMMITTEE_MEMBER -> BILL_AUTHOR -> COMMITTEE_MEMBER -> BILL_AUTHOR -> COMMITTEE_MEMBER -> BILL_AUTHOR -> COMMITTEE_MEMBER -> BILL_AUTHOR -> COMMITTEE_MEMBER -> COMMITTEE_MEMBER -> BILL_AUTHOR -> COMMITTEE_MEMBER -> BILL_AUTHOR -> COMMITTEE_MEMBER -> BILL_AUTHOR -> COMMITTEE_MEMBER -> BILL_AUTHOR -> COMMITTEE_MEMBER -> PRESIDING_CHAIR -> COMMITTEE_MEMBER -> PUBLIC -> COMMITTEE_MEMBER -> PUBLIC -> COMMITTEE_MEMBER -> PUBLIC -> COMMITTEE_MEMBER -> PRESIDING_CHAIR -> BILL_AUTHOR -> PRESIDING_CHAIR -> BILL_AUTHOR -> PRESIDING_CHAIR -> PUBLIC -> PRESIDING_CHAIR -> SECRETARY -> PRESIDING_CHAIR -> SECRETARY -> PRESIDING_CHAIR -> SECRETARY -> COMMITTEE_MEMBER -> SECRETARY -> COMMITTEE_MEMBER -> SECRETARY -> COMMITTEE_MEMBER -> SECRETARY -> COMMITTEE_MEMBER -> COMMITTEE_MEMBER -> SECRETARY -> COMMITTEE_MEMBER -> SECRETARY -> PRESIDING_CHAIR -> PUBLIC -> PRESIDING_CHAIR -> SECRETARY -> PRESIDING_CHAIR -> SECRETARY -> PRESIDING_CHAIR -> SECRETARY -> COMMITTEE_MEMBER -> SECRETARY -> COMMITTEE_MEMBER -> SECRETARY -> COMMITTEE_MEMBER -> SECRETARY -> COMMITTEE_MEMBER -> SECRETARY -> COMMITTEE_MEMBER -> SECRETARY -> COMMITTEE_MEMBER -> SECRETARY -> COMMITTEE_MEMBER -> SECRETARY -> COMMITTEE_MEMBER -> PRESIDING_CHAIR -> SECRETARY -> PRESIDING_CHAIR -> SECRETARY -> PRESIDING_CHAIR -> SECRETARY -> COMMITTEE_MEMBER -> SECRETARY -> PRESIDING_CHAIR -> SECRETARY -> COMMITTEE_MEMBER -> SECRETARY
251279,CA_201720180AB1665,22,PRESIDING_CHAIR -> BILL_AUTHOR -> PRESIDING_CHAIR -> PUBLIC -> PRESIDING_CHAIR -> COMMITTEE_MEMBER -> PRESIDING_CHAIR -> PRESIDING_CHAIR -> PRESIDING_CHAIR -> BILL_AUTHOR -> PRESIDING_CHAIR -> BILL_AUTHOR -> PRESIDING_CHAIR -> BILL_AUTHOR -> PRESIDING_CHAIR -> COMMITTEE_MEMBER -> PRESIDING_CHAIR -> SECRETARY -> PRESIDING_CHAIR -> PRESIDING_CHAIR -> SECRETARY -> PRESIDING_CHAIR
251279,CA_201720180AB1069,15,PRESIDING_CHAIR -> PRESIDING_CHAIR -> SECRETARY -> PRESIDING_CHAIR -> COMMITTEE_MEMBER -> PUBLIC -> PRESIDING_CHAIR -> PUBLIC -> PRESIDING_CHAIR -> COMMITTEE_MEMBER -> PRESIDING_CHAIR -> SECRETARY -> COMMITTEE_MEMBER -> SECRETARY -> PUBLIC
253056,CA_201720180AB87,48,PRESIDING_CHAIR -> PRESIDING_CHAIR -> PRESIDING_CHAIR -> SECRETARY -> PRESIDING_CHAIR -> BILL_AUTHOR -> PRESIDING_CHAIR -> PUBLIC -> PRESIDING_CHAIR -> PUBLIC -> PRESIDING_CHAIR -> PUBLIC -> PRESIDING_CHAIR -> PUBLIC -> PUBLIC -> PRESIDING_CHAIR -> PUBLIC -> PRESIDING_CHAIR -> COMMITTEE_MEMBER -> PRESIDING_CHAIR -> COMMITTEE_MEMBER -> BILL_AUTHOR -> COMMITTEE_MEMBER -> COMMITTEE_MEMBER -> BILL_AUTHOR -> COMMITTEE_MEMBER -> PUBLIC -> COMMITTEE_MEMBER -> BILL_AUTHOR -> PUBLIC -> PRESIDING_CHAIR -> PUBLIC -> PRESIDING_CHAIR -> BILL_AUTHOR -> PRESIDING_CHAIR -> SECRETARY -> PUBLIC -> PRESIDING_CHAIR -> BILL_AUTHOR -> PRESIDING_CHAIR -> BILL_AUTHOR -> PRESIDING_CHAIR -> SECRETARY -> PRESIDING_CHAIR -> PUBLIC -> PRESIDING_CHAIR -> SECRETARY -> PRESIDING_CHAIR
255357,CA_201520160SB1014,50,PRESIDING_CHAIR -> BILL_AUTHOR -> PRESIDING_CHAIR -> BILL_AUTHOR -> PRESIDING_CHAIR -> BILL_AUTHOR -> PRESIDING_CHAIR -> SECRETARY -> PRESIDING_CHAIR -> BILL_AUTHOR -> PRESIDING_CHAIR -> BILL_AUTHOR -> PUBLIC -> PUBLIC -> PRESIDING_CHAIR -> PUBLIC -> PUBLIC -> PUBLIC -> PUBLIC -> PUBLIC -> PUBLIC -> PUBLIC -> PUBLIC -> PRESIDING_CHAIR -> PUBLIC -> PUBLIC -> PRESIDING_CHAIR -> SECRETARY -> PRESIDING_CHAIR -> PUBLIC -> PRESIDING_CHAIR -> PUBLIC -> PUBLIC -> PUBLIC -> PUBLIC -> PUBLIC -> PRESIDING_CHAIR -> PRESIDING_CHAIR -> BILL_AUTHOR -> PRESIDING_CHAIR -> PRESIDING_CHAIR -> COMMITTEE_MEMBER -> BILL_AUTHOR -> COMMITTEE_MEMBER -> BILL_AUTHOR -> COMMITTEE_MEMBER -> PRESIDING_CHAIR -> BILL_AUTHOR -> PRESIDING_CHAIR -> SECRETARY
255357,CA_201520160SB1376,41,PRESIDING_CHAIR -> BILL_AUTHOR -> PRESIDING_CHAIR -> BILL_AUTHOR -> PUBLIC -> PRESIDING_CHAIR -> PUBLIC -> PUBLIC -> PUBLIC -> PRESIDING_CHAIR -> PUBLIC -> PRESIDING_CHAIR -> PUBLIC -> PUBLIC -> PUBLIC -> PRESIDING_CHAIR -> PUBLIC -> PRESIDING_CHAIR -> PRESIDING_CHAIR -> PRESIDING_CHAIR -> BILL_AUTHOR -> PRESIDING_CHAIR -> SECRETARY -> PRESIDING_CHAIR -> BILL_AUTHOR -> PRESIDING_CHAIR -> BILL_AUTHOR -> PRESIDING_CHAIR -> BILL_AUTHOR -> PRESIDING_CHAIR -> BILL_AUTHOR -> PUBLIC -> PRESIDING_CHAIR -> PUBLIC -> PRESIDING_CHAIR -> PRESIDING_CHAIR -> BILL_AUTHOR -> PRESIDING_CHAIR -> BILL_AUTHOR -> PRESIDING_CHAIR -> SECRETARY
255357,CA_201520160SB822,162,PRESIDING_CHAIR -> PRESIDING_CHAIR -> BILL_AUTHOR -> SECRETARY -> COMMITTEE_MEMBER -> PRESIDING_CHAIR -> BILL_AUTHOR -> PRESIDING_CHAIR -> BILL_AUTHOR -> PRESIDING_CHAIR -> SECRETARY -> COMMITTEE_MEMBER -> SECRETARY -> PRESIDING_CHAIR -> SECRETARY -> PRESIDING_CHAIR -> BILL_AUTHOR -> PRESIDING_CHAIR -> BILL_AUTHOR -> PRESIDING_CHAIR -> BILL_AUTHOR -> PRESIDING_CHAIR -> BILL_AUTHOR -> PRESIDING_CHAIR -> BILL_AUTHOR -> EXPERT -> PRESIDING_CHAIR -> EXPERT -> EXPERT -> EXPERT -> EXPERT -> PRESIDING_CHAIR -> BILL_AUTHOR -> PRESIDING_CHAIR -> EXPERT -> EXPERT -> EXPERT -> EXPERT -> EXPERT -> EXPERT -> EXPERT -> EXPERT -> EXPERT -> EXPERT -> EXPERT -> EXPERT -> EXPERT -> EXPERT -> EXPERT -> EXPERT -> EXPERT -> PRESIDING_CHAIR -> EXPERT -> EXPERT -> EXPERT -> EXPERT -> EXPERT -> EXPERT -> EXPERT -> EXPERT -> EXPERT -> EXPERT -> EXPERT -> EXPERT -> EXPERT -> EXPERT -> EXPERT -> EXPERT -> EXPERT -> EXPERT -> EXPERT -> EXPERT -> EXPERT -> EXPERT -> EXPERT -> EXPERT -> EXPERT -> EXPERT -> EXPERT -> EXPERT -> EXPERT -> PRESIDING_CHAIR -> EXPERT -> PRESIDING_CHAIR -> EXPERT -> EXPERT -> EXPERT -> PRESIDING_CHAIR -> EXPERT -> EXPERT -> PRESIDING_CHAIR -> EXPERT -> EXPERT -> PRESIDING_CHAIR -> EXPERT -> PRESIDING_CHAIR -> EXPERT -> EXPERT -> EXPERT -> EXPERT -> EXPERT -> EXPERT -> PRESIDING_CHAIR -> EXPERT -> EXPERT -> EXPERT -> EXPERT -> EXPERT -> EXPERT -> EXPERT -> EXPERT -> EXPERT -> EXPERT -> EXPERT -> EXPERT -> EXPERT -> EXPERT -> EXPERT -> EXPERT -> EXPERT -> EXPERT -> EXPERT -> EXPERT -> EXPERT -> EXPERT -> EXPERT -> EXPERT -> EXPERT -> EXPERT -> EXPERT -> EXPERT -> EXPERT -> PRESIDING_CHAIR -> BILL_AUTHOR -> COMMITTEE_MEMBER -> BILL_AUTHOR -> PRESIDING_CHAIR -> BILL_AUTHOR -> PRESIDING_CHAIR -> BILL_AUTHOR -> PRESIDING_CHAIR -> BILL_AUTHOR -> PRESIDING_CHAIR -> PRESIDING_CHAIR -> BILL_AUTHOR -> PRESIDING_CHAIR -> PRESIDING_CHAIR -> BILL_AUTHOR -> PRESIDING_CHAIR -> BILL_AUTHOR -> COMMITTEE_MEMBER -> PRESIDING_CHAIR -> COMMITTEE_MEMBER -> BILL_AUTHOR -> COMMITTEE_MEMBER -> BILL_AUTHOR -> PRESIDING_CHAIR -> BILL_AUTHOR -> PRESIDING_CHAIR -> PRESIDING_CHAIR -> SECRETARY -> PRESIDING_CHAIR
255471,CA_201520160SB1434,43,PRESIDING_CHAIR -> BILL_AUTHOR -> PUBLIC -> PUBLIC -> PUBLIC -> PUBLIC -> PUBLIC -> PUBLIC -> PUBLIC -> PRESIDING_CHAIR -> PUBLIC -> PRESIDING_CHAIR -> PUBLIC -> PRESIDING_CHAIR -> BILL_AUTHOR -> PRESIDING_CHAIR -> BILL_AUTHOR -> PRESIDING_CHAIR -> PUBLIC -> PRESIDING_CHAIR -> PUBLIC -> PRESIDING_CHAIR -> PUBLIC -> PRESIDING_CHAIR -> BILL_AUTHOR -> PRESIDING_CHAIR -> BILL_AUTHOR -> PRESIDING_CHAIR -> BILL_AUTHOR -> PRESIDING_CHAIR -> COMMITTEE_MEMBER -> BILL_AUTHOR -> COMMITTEE_MEMBER -> BILL_AUTHOR -> COMMITTEE_MEMBER -> PRESIDING_CHAIR -> SECRETARY -> PRESIDING_CHAIR -> COMMITTEE_MEMBER -> PRESIDING_CHAIR -> SECRETARY -> PRESIDING_CHAIR -> BILL_AUTHOR
51835,CA_201720180AB23,61,PRESIDING_CHAIR -> PRESIDING_CHAIR -> PRESIDING_CHAIR -> PUBLIC -> PRESIDING_CHAIR -> PUBLIC -> PRESIDING_CHAIR -> PUBLIC -> PUBLIC -> PRESIDING_CHAIR -> PUBLIC -> PRESIDING_CHAIR -> PUBLIC -> PRESIDING_CHAIR -> PUBLIC -> PRESIDING_CHAIR -> COMMITTEE_MEMBER -> PRESIDING_CHAIR -> COMMITTEE_MEMBER -> PRESIDING_CHAIR -> COMMITTEE_MEMBER -> PUBLIC -> PRESIDING_CHAIR -> PUBLIC -> PRESIDING_CHAIR -> COMMITTEE_MEMBER -> PUBLIC -> PRESIDING_CHAIR -> COMMITTEE_MEMBER -> PRESIDING_CHAIR -> PUBLIC -> COMMITTEE_MEMBER -> PRESIDING_CHAIR -> COMMITTEE_MEMBER -> PRESIDING_CHAIR -> PRESIDING_CHAIR -> PRESIDING_CHAIR -> PRESIDING_CHAIR -> SECRETARY -> PRESIDING_CHAIR -> SECRETARY -> PRESIDING_CHAIR -> PUBLIC -> SECRETARY -> PUBLIC -> SECRETARY -> PRESIDING_CHAIR -> SECRETARY -> PRESIDING_CHAIR -> SECRETARY -> PRESIDING_CHAIR -> SECRETARY -> PRESIDING_CHAIR -> SECRETARY -> PRESIDING_CHAIR -> SECRETARY -> PRESIDING_CHAIR -> SECRETARY -> PRESIDING_CHAIR -> SECRETARY -> PUBLIC
51835,CA_201720180AB185,74,PUBLIC -> PRESIDING_CHAIR -> BILL_AUTHOR -> PRESIDING_CHAIR -> BILL_AUTHOR -> PRESIDING_CHAIR -> BILL_AUTHOR -> PRESIDING_CHAIR -> PRESIDING_CHAIR -> PRESIDING_CHAIR -> PUBLIC -> PRESIDING_CHAIR -> PUBLIC -> PRESIDING_CHAIR -> PRESIDING_CHAIR -> PRESIDING_CHAIR -> PRESIDING_CHAIR -> PRESIDING_CHAIR -> PUBLIC -> PRESIDING_CHAIR -> PRESIDING_CHAIR -> PUBLIC -> PRESIDING_CHAIR -> PUBLIC -> PRESIDING_CHAIR -> PUBLIC -> PRESIDING_CHAIR -> PUBLIC -> PRESIDING_CHAIR -> PUBLIC -> PRESIDING_CHAIR -> PUBLIC -> PRESIDING_CHAIR -> PUBLIC -> PRESIDING_CHAIR -> PUBLIC -> PRESIDING_CHAIR -> PUBLIC -> PRESIDING_CHAIR -> PUBLIC -> PRESIDING_CHAIR -> PUBLIC -> PRESIDING_CHAIR -> PUBLIC -> PRESIDING_CHAIR -> PUBLIC -> PUBLIC -> PRESIDING_CHAIR -> PUBLIC -> PRESIDING_CHAIR -> PUBLIC -> PUBLIC -> PRESIDING_CHAIR -> PUBLIC -> PRESIDING_CHAIR -> PUBLIC -> PRESIDING_CHAIR -> PUBLIC -> PRESIDING_CHAIR -> PUBLIC -> PRESIDING_CHAIR -> PUBLIC -> PRESIDING_CHAIR -> PUBLIC -> PRESIDING_CHAIR -> PUBLIC -> PRESIDING_CHAIR -> COMMITTEE_MEMBER -> PRESIDING_CHAIR -> PRESIDING_CHAIR -> PRESIDING_CHAIR -> SECRETARY -> PRESIDING_CHAIR -> PRESIDING_CHAIR
51835,CA_201720180AB189,21,PRESIDING_CHAIR -> BILL_AUTHOR -> EXPERT -> PUBLIC -> PRESIDING_CHAIR -> PUBLIC -> PUBLIC -> PUBLIC -> PRESIDING_CHAIR -> PRESIDING_CHAIR -> BILL_AUTHOR -> PRESIDING_CHAIR -> PRESIDING_CHAIR -> COMMITTEE_MEMBER -> BILL_AUTHOR -> PRESIDING_CHAIR -> BILL_AUTHOR -> PRESIDING_CHAIR -> SECRETARY -> PRESIDING_CHAIR -> BILL_AUTHOR
52306,CA_201720180AB170,41,PRESIDING_CHAIR -> PRESIDING_CHAIR -> PRESIDING_CHAIR -> SECRETARY -> PRESIDING_CHAIR -> PRESIDING_CHAIR -> NONLEGISLATOR -> PRESIDING_CHAIR -> PUBLIC -> PRESIDING_CHAIR -> PUBLIC -> PRESIDING_CHAIR -> PUBLIC -> PRESIDING_CHAIR -> PUBLIC -> PRESIDING_CHAIR -> PUBLIC -> PRESIDING_CHAIR -> PUBLIC -> PRESIDING_CHAIR -> PUBLIC -> PRESIDING_CHAIR -> PUBLIC -> PRESIDING_CHAIR -> PUBLIC -> PRESIDING_CHAIR -> PRESIDING_CHAIR -> PRESIDING_CHAIR -> SECRETARY -> PRESIDING_CHAIR -> SECRETARY -> PRESIDING_CHAIR -> SECRETARY -> COMMITTEE_MEMBER -> SECRETARY -> COMMITTEE_MEMBER -> SECRETARY -> COMMITTEE_MEMBER -> SECRETARY -> PRESIDING_CHAIR -> PRESIDING_CHAIR
52306,CA_201720180AB830,30,PRESIDING_CHAIR -> EXPERT -> PRESIDING_CHAIR -> EXPERT -> PRESIDING_CHAIR -> EXPERT -> EXPERT -> EXPERT -> EXPERT -> EXPERT -> EXPERT -> PRESIDING_CHAIR -> COMMITTEE_MEMBER -> EXPERT -> COMMITTEE_MEMBER -> EXPERT -> COMMITTEE_MEMBER -> EXPERT -> COMMITTEE_MEMBER -> EXPERT -> PRESIDING_CHAIR -> PRESIDING_CHAIR -> PRESIDING_CHAIR -> COMMITTEE_MEMBER -> PRESIDING_CHAIR -> SECRETARY -> PRESIDING_CHAIR -> PRESIDING_CHAIR -> PRESIDING_CHAIR -> BILL_AUTHOR
52560,CA_201720180AB318,86,BILL_AUTHOR -> NONLEGISLATOR -> PRESIDING_CHAIR -> NONLEGISLATOR -> PRESIDING_CHAIR -> EXPERT -> PRESIDING_CHAIR -> EXPERT -> SECRETARY -> PRESIDING_CHAIR -> PUBLIC -> PRESIDING_CHAIR -> PUBLIC -> PRESIDING_CHAIR -> PUBLIC -> PRESIDING_CHAIR -> PUBLIC -> PRESIDING_CHAIR -> PUBLIC -> PRESIDING_CHAIR -> PUBLIC -> PRESIDING_CHAIR -> PUBLIC -> PRESIDING_CHAIR -> PUBLIC -> PUBLIC -> PUBLIC -> PUBLIC -> PUBLIC -> PUBLIC -> PUBLIC -> PUBLIC -> PUBLIC -> PUBLIC -> PUBLIC -> PUBLIC -> PUBLIC -> PUBLIC -> PUBLIC -> PUBLIC -> EXPERT -> PRESIDING_CHAIR -> PUBLIC -> PRESIDING_CHAIR -> PUBLIC -> PRESIDING_CHAIR -> PUBLIC -> PRESIDING_CHAIR -> PUBLIC -> PUBLIC -> PUBLIC -> PRESIDING_CHAIR -> BILL_AUTHOR -> PRESIDING_CHAIR -> BILL_AUTHOR -> PRESIDING_CHAIR -> BILL_AUTHOR -> PRESIDING_CHAIR -> PUBLIC -> PRESIDING_CHAIR -> PRESIDING_CHAIR -> PUBLIC -> PRESIDING_CHAIR -> PUBLIC -> PRESIDING_CHAIR -> PUBLIC -> PRESIDING_CHAIR -> PUBLIC -> PUBLIC -> PRESIDING_CHAIR -> PUBLIC -> PRESIDING_CHAIR -> PUBLIC -> PRESIDING_CHAIR -> PUBLIC -> PRESIDING_CHAIR -> BILL_AUTHOR -> PRESIDING_CHAIR -> SECRETARY -> PRESIDING_CHAIR -> SECRETARY -> PRESIDING_CHAIR -> SECRETARY -> PRESIDING_CHAIR -> SECRETARY -> PRESIDING_CHAIR
53031,CA_201720180SB583,18,BILL_AUTHOR -> NONLEGISLATOR -> PUBLIC -> PRESIDING_CHAIR -> PUBLIC -> PUBLIC -> PRESIDING_CHAIR -> PUBLIC -> PRESIDING_CHAIR -> PRESIDING_CHAIR -> PRESIDING_CHAIR -> PRESIDING_CHAIR -> BILL_AUTHOR -> PRESIDING_CHAIR -> SECRETARY -> PRESIDING_CHAIR -> BILL_AUTHOR -> PRESIDING_CHAIR
54150,CA_201720180SB328,202,BILL_AUTHOR -> PRESIDING_CHAIR -> BILL_AUTHOR -> PRESIDING_CHAIR -> BILL_AUTHOR -> PRESIDING_CHAIR -> BILL_AUTHOR -> PRESIDING_CHAIR -> BILL_AUTHOR -> PRESIDING_CHAIR -> EXPERT -> PRESIDING_CHAIR -> EXPERT -> EXPERT -> PRESIDING_CHAIR -> EXPERT -> PRESIDING_CHAIR -> PUBLIC -> PRESIDING_CHAIR -> PUBLIC -> PUBLIC -> PUBLIC -> PUBLIC -> PUBLIC -> PUBLIC -> PUBLIC -> PUBLIC -> PUBLIC -> PUBLIC -> PUBLIC -> PUBLIC -> PUBLIC -> PUBLIC -> PUBLIC -> PUBLIC -> PUBLIC -> PUBLIC -> PUBLIC -> PUBLIC -> PUBLIC -> PUBLIC -> PUBLIC -> PUBLIC -> PUBLIC -> PUBLIC -> PUBLIC -> PUBLIC -> PUBLIC -> PUBLIC -> PUBLIC -> PUBLIC -> PUBLIC -> PUBLIC -> PUBLIC -> PUBLIC -> PRESIDING_CHAIR -> PUBLIC -> PRESIDING_CHAIR -> PUBLIC -> PRESIDING_CHAIR -> PUBLIC -> PUBLIC -> PRESIDING_CHAIR -> PUBLIC -> PRESIDING_CHAIR -> BILL_AUTHOR -> PRESIDING_CHAIR -> BILL_AUTHOR -> PRESIDING_CHAIR -> PUBLIC -> PRESIDING_CHAIR -> PUBLIC -> PRESIDING_CHAIR -> BILL_AUTHOR -> PRESIDING_CHAIR -> BILL_AUTHOR -> PRESIDING_CHAIR -> PUBLIC -> PRESIDING_CHAIR -> BILL_AUTHOR -> PRESIDING_CHAIR -> BILL_AUTHOR -> PRESIDING_CHAIR -> BILL_AUTHOR -> PRESIDING_CHAIR -> BILL_AUTHOR -> PRESIDING_CHAIR -> BILL_AUTHOR -> PRESIDING_CHAIR -> BILL_AUTHOR -> PRESIDING_CHAIR -> PUBLIC -> PRESIDING_CHAIR -> BILL_AUTHOR -> PRESIDING_CHAIR -> PRESIDING_CHAIR -> BILL_AUTHOR -> PRESIDING_CHAIR -> BILL_AUTHOR -> PRESIDING_CHAIR -> BILL_AUTHOR -> PRESIDING_CHAIR -> BILL_AUTHOR -> PRESIDING_CHAIR -> BILL_AUTHOR -> PRESIDING_CHAIR -> BILL_AUTHOR -> PRESIDING_CHAIR -> BILL_AUTHOR -> PRESIDING_CHAIR -> BILL_AUTHOR -> PRESIDING_CHAIR -> BILL_AUTHOR -> PRESIDING_CHAIR -> PRESIDING_CHAIR -> PRESIDING_CHAIR -> PRESIDING_CHAIR -> BILL_AUTHOR -> PRESIDING_CHAIR -> BILL_AUTHOR -> PRESIDING_CHAIR -> BILL_AUTHOR -> PRESIDING_CHAIR -> BILL_AUTHOR -> PRESIDING_CHAIR -> BILL_AUTHOR -> PRESIDING_CHAIR -> BILL_AUTHOR -> PRESIDING_CHAIR -> BILL_AUTHOR -> PRESIDING_CHAIR -> BILL_AUTHOR -> COMMITTEE_MEMBER -> BILL_AUTHOR -> COMMITTEE_MEMBER -> BILL_AUTHOR -> COMMITTEE_MEMBER -> BILL_AUTHOR -> COMMITTEE_MEMBER -> BILL_AUTHOR -> PUBLIC -> COMMITTEE_MEMBER -> PUBLIC -> COMMITTEE_MEMBER -> BILL_AUTHOR -> COMMITTEE_MEMBER -> BILL_AUTHOR -> EXPERT -> COMMITTEE_MEMBER -> BILL_AUTHOR -> COMMITTEE_MEMBER -> BILL_AUTHOR -> COMMITTEE_MEMBER -> BILL_AUTHOR -> COMMITTEE_MEMBER -> BILL_AUTHOR -> PRESIDING_CHAIR -> COMMITTEE_MEMBER -> BILL_AUTHOR -> PUBLIC -> COMMITTEE_MEMBER -> PUBLIC -> BILL_AUTHOR -> COMMITTEE_MEMBER -> BILL_AUTHOR -> COMMITTEE_MEMBER -> BILL_AUTHOR -> COMMITTEE_MEMBER -> PUBLIC -> BILL_AUTHOR -> COMMITTEE_MEMBER -> BILL_AUTHOR -> EXPERT -> PRESIDING_CHAIR -> PUBLIC -> PRESIDING_CHAIR -> BILL_AUTHOR -> PUBLIC -> PRESIDING_CHAIR -> EXPERT -> PRESIDING_CHAIR -> COMMITTEE_MEMBER -> PRESIDING_CHAIR -> BILL_AUTHOR -> PRESIDING_CHAIR -> SECRETARY -> PRESIDING_CHAIR -> SECRETARY -> PRESIDING_CHAIR -> SECRETARY -> COMMITTEE_MEMBER -> SECRETARY -> COMMITTEE_MEMBER -> SECRETARY -> COMMITTEE_MEMBER -> SECRETARY -> COMMITTEE_MEMBER -> SECRETARY -> BILL_AUTHOR -> PRESIDING_CHAIR -> BILL_AUTHOR -> PRESIDING_CHAIR
54150,CA_201720180SB494,38,PRESIDING_CHAIR -> BILL_AUTHOR -> PRESIDING_CHAIR -> EXPERT -> PUBLIC -> PRESIDING_CHAIR -> PUBLIC -> PUBLIC -> PUBLIC -> PUBLIC -> PUBLIC -> PUBLIC -> PRESIDING_CHAIR -> PRESIDING_CHAIR -> BILL_AUTHOR -> PRESIDING_CHAIR -> BILL_AUTHOR -> PRESIDING_CHAIR -> BILL_AUTHOR -> PRESIDING_CHAIR -> PRESIDING_CHAIR -> BILL_AUTHOR -> PRESIDING_CHAIR -> SECRETARY -> PRESIDING_CHAIR -> SECRETARY -> PRESIDING_CHAIR -> COMMITTEE_MEMBER -> SECRETARY -> PRESIDING_CHAIR -> BILL_AUTHOR -> PRESIDING_CHAIR -> SECRETARY -> PRESIDING_CHAIR -> BILL_AUTHOR -> PRESIDING_CHAIR -> SECRETARY -> PRESIDING_CHAIR
254161,CA_201720180AB1743,69,PRESIDING_CHAIR -> BILL_AUTHOR -> PRESIDING_CHAIR -> EXPERT -> EXPERT -> PRESIDING_CHAIR -> PRESIDING_CHAIR -> PUBLIC -> PUBLIC -> PUBLIC -> PUBLIC -> PUBLIC -> PUBLIC -> PUBLIC -> PUBLIC -> PUBLIC -> PUBLIC -> PUBLIC -> PUBLIC -> PUBLIC -> PUBLIC -> PUBLIC -> PUBLIC -> PUBLIC -> PUBLIC -> PUBLIC -> PUBLIC -> PUBLIC -> PUBLIC -> PUBLIC -> PUBLIC -> PUBLIC -> PUBLIC -> PUBLIC -> PUBLIC -> PUBLIC -> PUBLIC -> PUBLIC -> PUBLIC -> PUBLIC -> PUBLIC -> PUBLIC -> PUBLIC -> PUBLIC -> PUBLIC -> PUBLIC -> PUBLIC -> PUBLIC -> PUBLIC -> PUBLIC -> PUBLIC -> PUBLIC -> PUBLIC -> PUBLIC -> PUBLIC -> PUBLIC -> PUBLIC -> PUBLIC -> PRESIDING_CHAIR -> COMMITTEE_MEMBER -> COMMITTEE_MEMBER -> PRESIDING_CHAIR -> PRESIDING_CHAIR -> PRESIDING_CHAIR -> SECRETARY -> PRESIDING_CHAIR -> PRESIDING_CHAIR -> SECRETARY -> PRESIDING_CHAIR
254161,CA_201720180AB1974,93,BILL_AUTHOR -> PUBLIC -> PUBLIC -> PRESIDING_CHAIR -> BILL_AUTHOR -> PRESIDING_CHAIR -> BILL_AUTHOR -> PRESIDING_CHAIR -> BILL_AUTHOR -> PRESIDING_CHAIR -> BILL_AUTHOR -> PRESIDING_CHAIR -> BILL_AUTHOR -> PRESIDING_CHAIR -> BILL_AUTHOR -> PRESIDING_CHAIR -> BILL_AUTHOR -> PRESIDING_CHAIR -> BILL_AUTHOR -> PRESIDING_CHAIR -> BILL_AUTHOR -> PRESIDING_CHAIR -> BILL_AUTHOR -> PRESIDING_CHAIR -> PUBLIC -> PUBLIC -> PRESIDING_CHAIR -> BILL_AUTHOR -> PRESIDING_CHAIR -> PUBLIC -> PRESIDING_CHAIR -> PUBLIC -> PRESIDING_CHAIR -> PUBLIC -> PRESIDING_CHAIR -> PUBLIC -> PRESIDING_CHAIR -> PUBLIC -> PRESIDING_CHAIR -> PUBLIC -> PRESIDING_CHAIR -> PRESIDING_CHAIR -> BILL_AUTHOR -> PRESIDING_CHAIR -> BILL_AUTHOR -> PRESIDING_CHAIR -> BILL_AUTHOR -> PRESIDING_CHAIR -> BILL_AUTHOR -> PRESIDING_CHAIR -> BILL_AUTHOR -> PRESIDING_CHAIR -> COMMITTEE_MEMBER -> PRESIDING_CHAIR -> BILL_AUTHOR -> COMMITTEE_MEMBER -> BILL_AUTHOR -> COMMITTEE_MEMBER -> BILL_AUTHOR -> COMMITTEE_MEMBER -> BILL_AUTHOR -> COMMITTEE_MEMBER -> BILL_AUTHOR -> COMMITTEE_MEMBER -> BILL_AUTHOR -> COMMITTEE_MEMBER -> BILL_AUTHOR -> COMMITTEE_MEMBER -> BILL_AUTHOR -> COMMITTEE_MEMBER -> BILL_AUTHOR -> COMMITTEE_MEMBER -> BILL_AUTHOR -> COMMITTEE_MEMBER -> PRESIDING_CHAIR -> BILL_AUTHOR -> PUBLIC -> PRESIDING_CHAIR -> SECRETARY -> PRESIDING_CHAIR -> SECRETARY -> PRESIDING_CHAIR -> SECRETARY -> PRESIDING_CHAIR -> SECRETARY -> PRESIDING_CHAIR -> SECRETARY -> COMMITTEE_MEMBER -> PRESIDING_CHAIR -> SECRETARY -> PRESIDING_CHAIR -> SECRETARY -> PRESIDING_CHAIR
254514,CA_201720180AB2704,36,PRESIDING_CHAIR -> PRESIDING_CHAIR -> EXPERT -> EXPERT -> PRESIDING_CHAIR -> EXPERT -> PRESIDING_CHAIR -> PUBLIC -> PUBLIC -> PUBLIC -> PUBLIC -> PUBLIC -> PUBLIC -> PUBLIC -> PUBLIC -> PUBLIC -> PUBLIC -> PUBLIC -> PUBLIC -> PRESIDING_CHAIR -> COMMITTEE_MEMBER -> PRESIDING_CHAIR -> COMMITTEE_MEMBER -> PRESIDING_CHAIR -> PRESIDING_CHAIR -> SECRETARY -> PRESIDING_CHAIR -> PRESIDING_CHAIR -> SECRETARY -> COMMITTEE_MEMBER -> SECRETARY -> COMMITTEE_MEMBER -> SECRETARY -> COMMITTEE_MEMBER -> SECRETARY -> PRESIDING_CHAIR
254514,CA_201720180AB2289,35,PRESIDING_CHAIR -> NONLEGISLATOR -> PUBLIC -> PRESIDING_CHAIR -> PUBLIC -> PUBLIC -> PUBLIC -> PUBLIC -> PUBLIC -> PUBLIC -> PUBLIC -> PUBLIC -> PUBLIC -> PUBLIC -> PUBLIC -> PUBLIC -> PUBLIC -> PUBLIC -> PUBLIC -> PUBLIC -> PUBLIC -> PUBLIC -> PUBLIC -> PUBLIC -> PUBLIC -> PUBLIC -> PUBLIC -> PUBLIC -> PUBLIC -> PUBLIC -> PUBLIC -> PRESIDING_CHAIR -> PRESIDING_CHAIR -> PRESIDING_CHAIR -> SECRETARY
254687,CA_201720180AB2609,22,PRESIDING_CHAIR -> PRESIDING_CHAIR -> EXPERT -> EXPERT -> PRESIDING_CHAIR -> PUBLIC -> PUBLIC -> PUBLIC -> PUBLIC -> PRESIDING_CHAIR -> PRESIDING_CHAIR -> PRESIDING_CHAIR -> SECRETARY -> PRESIDING_CHAIR -> PRESIDING_CHAIR -> SECRETARY -> COMMITTEE_MEMBER -> SECRETARY -> COMMITTEE_MEMBER -> COMMITTEE_MEMBER -> SECRETARY -> PRESIDING_CHAIR
254687,CA_201720180AB2488,11,PRESIDING_CHAIR -> PRESIDING_CHAIR -> EXPERT -> PRESIDING_CHAIR -> SECRETARY -> PRESIDING_CHAIR -> PRESIDING_CHAIR -> PRESIDING_CHAIR -> SECRETARY -> PRESIDING_CHAIR -> PRESIDING_CHAIR
254828,CA_201720180AB2011,125,PRESIDING_CHAIR -> PRESIDING_CHAIR -> PRESIDING_CHAIR -> PRESIDING_CHAIR -> PRESIDING_CHAIR -> PRESIDING_CHAIR -> PRESIDING_CHAIR -> EXPERT -> EXPERT -> PRESIDING_CHAIR -> EXPERT -> PRESIDING_CHAIR -> EXPERT -> PRESIDING_CHAIR -> PUBLIC -> PUBLIC -> PUBLIC -> PUBLIC -> PUBLIC -> PUBLIC -> PUBLIC -> PUBLIC -> PUBLIC -> PUBLIC -> PUBLIC -> PUBLIC -> PUBLIC -> PRESIDING_CHAIR -> PUBLIC -> EXPERT -> PUBLIC -> PRESIDING_CHAIR -> PUBLIC -> PRESIDING_CHAIR -> PUBLIC -> PUBLIC -> PUBLIC -> PUBLIC -> PRESIDING_CHAIR -> PRESIDING_CHAIR -> EXPERT -> PRESIDING_CHAIR -> EXPERT -> PRESIDING_CHAIR -> PUBLIC -> PRESIDING_CHAIR -> COMMITTEE_MEMBER -> EXPERT -> COMMITTEE_MEMBER -> EXPERT -> COMMITTEE_MEMBER -> EXPERT -> COMMITTEE_MEMBER -> EXPERT -> COMMITTEE_MEMBER -> EXPERT -> COMMITTEE_MEMBER -> EXPERT -> COMMITTEE_MEMBER -> EXPERT -> COMMITTEE_MEMBER -> EXPERT -> COMMITTEE_MEMBER -> EXPERT -> COMMITTEE_MEMBER -> PRESIDING_CHAIR -> EXPERT -> PRESIDING_CHAIR -> PUBLIC -> PRESIDING_CHAIR -> EXPERT -> PRESIDING_CHAIR -> EXPERT -> PRESIDING_CHAIR -> PUBLIC -> PRESIDING_CHAIR -> PUBLIC -> PRESIDING_CHAIR -> EXPERT -> PRESIDING_CHAIR -> EXPERT -> PRESIDING_CHAIR -> COMMITTEE_MEMBER -> PRESIDING_CHAIR -> COMMITTEE_MEMBER -> PRESIDING_CHAIR -> PRESIDING_CHAIR -> PRESIDING_CHAIR -> PRESIDING_CHAIR -> PRESIDING_CHAIR -> PRESIDING_CHAIR -> COMMITTEE_MEMBER -> PRESIDING_CHAIR -> EXPERT -> COMMITTEE_MEMBER -> EXPERT -> COMMITTEE_MEMBER -> EXPERT -> COMMITTEE_MEMBER -> EXPERT -> COMMITTEE_MEMBER -> EXPERT -> COMMITTEE_MEMBER -> EXPERT -> PRESIDING_CHAIR -> COMMITTEE_MEMBER -> EXPERT -> PRESIDING_CHAIR -> COMMITTEE_MEMBER -> PRESIDING_CHAIR -> PRESIDING_CHAIR -> COMMITTEE_MEMBER -> PRESIDING_CHAIR -> PRESIDING_CHAIR -> EXPERT -> PRESIDING_CHAIR -> EXPERT -> COMMITTEE_MEMBER -> PRESIDING_CHAIR -> COMMITTEE_MEMBER -> PRESIDING_CHAIR -> PRESIDING_CHAIR -> PRESIDING_CHAIR -> SECRETARY -> EXPERT
254828,CA_201720180AB3149,28,BILL_AUTHOR -> PRESIDING_CHAIR -> PUBLIC -> PRESIDING_CHAIR -> PUBLIC -> PRESIDING_CHAIR -> PUBLIC -> PUBLIC -> PRESIDING_CHAIR -> PUBLIC -> PUBLIC -> PRESIDING_CHAIR -> PUBLIC -> PRESIDING_CHAIR -> PUBLIC -> PRESIDING_CHAIR -> BILL_AUTHOR -> PRESIDING_CHAIR -> BILL_AUTHOR -> PRESIDING_CHAIR -> SECRETARY -> PRESIDING_CHAIR -> BILL_AUTHOR -> PRESIDING_CHAIR -> PRESIDING_CHAIR -> PRESIDING_CHAIR -> SECRETARY -> PRESIDING_CHAIR
254828,CA_201720180AB1868,34,PRESIDING_CHAIR -> BILL_AUTHOR -> EXPERT -> PRESIDING_CHAIR -> PUBLIC -> PRESIDING_CHAIR -> PUBLIC -> PRESIDING_CHAIR -> PRESIDING_CHAIR -> PRESIDING_CHAIR -> PRESIDING_CHAIR -> BILL_AUTHOR -> PRESIDING_CHAIR -> BILL_AUTHOR -> PRESIDING_CHAIR -> BILL_AUTHOR -> EXPERT -> PRESIDING_CHAIR -> PRESIDING_CHAIR -> PRESIDING_CHAIR -> BILL_AUTHOR -> PRESIDING_CHAIR -> BILL_AUTHOR -> PRESIDING_CHAIR -> SECRETARY -> PRESIDING_CHAIR -> BILL_AUTHOR -> PRESIDING_CHAIR -> COMMITTEE_MEMBER -> PRESIDING_CHAIR -> PRESIDING_CHAIR -> PRESIDING_CHAIR -> SECRETARY -> PRESIDING_CHAIR
255298,CA_201720180SB1127,25,PRESIDING_CHAIR -> BILL_AUTHOR -> PRESIDING_CHAIR -> EXPERT -> PRESIDING_CHAIR -> SECRETARY -> PRESIDING_CHAIR -> PUBLIC -> PRESIDING_CHAIR -> PUBLIC -> PUBLIC -> PRESIDING_CHAIR -> PRESIDING_CHAIR -> BILL_AUTHOR -> EXPERT -> PRESIDING_CHAIR -> PUBLIC -> BILL_AUTHOR -> PRESIDING_CHAIR -> BILL_AUTHOR -> PRESIDING_CHAIR -> SECRETARY -> PRESIDING_CHAIR -> BILL_AUTHOR -> PRESIDING_CHAIR
255536,CA_201720180ACR268,18,PRESIDING_CHAIR -> SECRETARY -> PRESIDING_CHAIR -> BILL_AUTHOR -> PRESIDING_CHAIR -> EXPERT -> PRESIDING_CHAIR -> EXPERT -> EXPERT -> PRESIDING_CHAIR -> PRESIDING_CHAIR -> PRESIDING_CHAIR -> BILL_AUTHOR -> PRESIDING_CHAIR -> SECRETARY -> PRESIDING_CHAIR -> EXPERT -> PRESIDING_CHAIR
255653,CA_201720180AB2098,17,PRESIDING_CHAIR -> COMMITTEE_MEMBER -> PRESIDING_CHAIR -> COMMITTEE_MEMBER -> PRESIDING_CHAIR -> PRESIDING_CHAIR -> PUBLIC -> PUBLIC -> PRESIDING_CHAIR -> COMMITTEE_MEMBER -> PRESIDING_CHAIR -> PRESIDING_CHAIR -> SECRETARY -> PRESIDING_CHAIR -> PRESIDING_CHAIR -> SECRETARY -> PRESIDING_CHAIR
