state,bid,hid,uid,pid,speaker.position,speaker.position_value,speaker.is_presiding,relative_position,sent_count,mentions_speaker,mentions_bill,speech_act_cues,section_cues,section,text,vote_section,proposed_section,justification,text_excerpt
CA,CA_201520160AB237,255104,61,53,LEGISLATOR,2.0,0,0.953125,2,0,0,,,PUBLIC_COMMENTS,yes absolutely I have a lot of bills,,CLOSING_REMARKS,This is the author/member closing response following an explicit invitation to close and immediately preceding the vote.,yes absolutely I have a lot of bills
CA,CA_201720180AB1013,254930,5,36368,CHAIRMAN,6.0,0,0.3333333333333333,8,0,0,,,PUBLIC_COMMENTS,thank you for your testimony sir any other witnesses in support seeing none do we have anyone in opposition seeing none ORG questions comments I know the secretary of ORG during the timeline of the last bill was still working on certification standards and it is my understanding that those certification standards are complete so hopefully we don't run into some of the same issues with our ORG but I still remain in support of BILL and appreciate you bringing it forward ORG so with that i'll allow you to close,,CLOSING_REMARKS,"The utterance is a transition into closing remarks: it may note a motion, but its operative cue asks the author to close before roll call.",thank you for your testimony sir any other witnesses in support seeing none do we have anyone in opposition seeing none ORG questions comments I know the secretary of ORG during the timeline of the last bill was still working on certification standards and it is my understanding that those certification standards are c
CA,CA_201720180AB1013,254930,7,36368,CHAIRMAN,6.0,0,0.4666666666666667,1,0,0,,,LEGISLATOR_DISCUSSION,all right do we have a motion,,VOTE,"The utterance begins or conducts voting activity: motion, roll-call instruction, tally, open-roll handling, or bill disposition.",all right do we have a motion
CA,CA_201720180AB1062,52583,5,8,LEGISLATOR,2.0,0,0.625,2,0,0,,,PUBLIC_COMMENTS,you guys are so smart and good looking I trust you'll do the right thing,,CLOSING_REMARKS,This is the author/member closing response following an explicit invitation to close and immediately preceding the vote.,you guys are so smart and good looking I trust you'll do the right thing
CA,CA_201720180AB1316,53957,11,103,PRESIDING_CHAIR,7.0,0,0.6875,4,0,0,,,PUBLIC_COMMENTS,thank you opposition questions comments seeing none we have a motion by senator roth would you like to close,,CLOSING_REMARKS,"The utterance is a transition into closing remarks: it may note a motion, but its operative cue asks the author to close before roll call.",thank you opposition questions comments seeing none we have a motion by senator roth would you like to close
CA,CA_201720180AB1316,53957,12,23,LEGISLATOR,2.0,0,0.75,1,0,0,,,PUBLIC_COMMENTS,thank you,,CLOSING_REMARKS,This is the author/member closing response following an explicit invitation to close and immediately preceding the vote.,thank you
CA,CA_201720180AB1316,53957,13,103,PRESIDING_CHAIR,7.0,0,0.8125,2,0,1,,,LEGISLATOR_DISCUSSION,okay we have item number 11 AB 1316 due pass as amended to ORG call the members please,,VOTE,"The utterance begins or conducts voting activity: motion, roll-call instruction, tally, open-roll handling, or bill disposition.",okay we have item number 11 AB 1316 due pass as amended to ORG call the members please
CA,CA_201720180AB1423,52479,4,101332,PRESIDING_CHAIR,7.0,0,0.3076923076923077,9,1,0,,,PUBLIC_COMMENTS,thank you very much are there witnesses in opposition seeing none are there questions of the ORG is there a motion you have a motion and a second from mr gray mr LEGISLATOR would you like to close,,CLOSING_REMARKS,"The utterance is a transition into closing remarks: it may note a motion, but its operative cue asks the author to close before roll call.",thank you very much are there witnesses in opposition seeing none are there questions of the ORG is there a motion you have a motion and a second from mr gray mr LEGISLATOR would you like to close
CA,CA_201720180AB1423,52479,5,7,LEGISLATOR,2.0,0,0.3846153846153846,0,0,0,,,PUBLIC_COMMENTS,respectfully,,CLOSING_REMARKS,This is the author/member closing response following an explicit invitation to close and immediately preceding the vote.,respectfully
CA,CA_201720180AB1578,52383,29,10,COMMITTEE_MEMBER,4.0,0,0.8285714285714286,9,0,0,,,PUBLIC_COMMENTS,any other I do have just quick comments obviously we've worked together on this issue very very closely i'm very proud of our work and what we're able to accomplish however I have a very deep deep concern that was expressed by these folks here in opposition because I think anytime that we encourage confrontation between us and the federal government especially law enforcement allies that creates a relationship that is not workable and for us and to use the language so specific that we're not even supposed to respond I think is unfair and I don't think that that allow us to accomplish our mutual mission which is to provide public safety and I think engagement and discussion has to be encouraged not discouraged and I don't think that putting up a wall between the two agencies is the right path so if for some way we could mitigate that confrontation i'd be able to support this but as it is in it's current form I can't because that relationship needs to be encouraged not discouraged,,CLOSING_REMARKS,This is the author/member closing response following an explicit invitation to close and immediately preceding the vote.,any other I do have just quick comments obviously we've worked together on this issue very very closely i'm very proud of our work and what we're able to accomplish however I have a very deep deep concern that was expressed by these folks here in opposition because I think anytime that we encourage confrontation betwee
CA,CA_201720180AB2316,255190,15,96,PRESIDING_CHAIR,7.0,0,0.75,9,0,0,,,PUBLIC_COMMENTS,okay thank you other witnesses in support someone's coming no all right witnesses in opposition okay seeing no witnesses in opposition questions from ORG seeing none bill's been moved by senator roth the motion will be do pass with amendments to appropriations I want to thank you so much assemblyman eggman for working to take those amendments and appreciate you for bringing BILL forward would you like to close,,CLOSING_REMARKS,"The utterance is a transition into closing remarks: it may note a motion, but its operative cue asks the author to close before roll call.",okay thank you other witnesses in support someone's coming no all right witnesses in opposition okay seeing no witnesses in opposition questions from ORG seeing none bill's been moved by senator roth the motion will be do pass with amendments to appropriations I want to thank you so much assemblyman eggman for working 
CA,CA_201720180AB2316,255190,16,165448,LEGISLATOR,2.0,0,0.8,2,0,0,,,PUBLIC_COMMENTS,I just thank you very much for the it's received full bipartisan support so far and look forward to that continuing and also to point out one of my witnesses is also a constituent and we thank her for her long time work in advocating for people with mental health issues,,CLOSING_REMARKS,This is the author/member closing response following an explicit invitation to close and immediately preceding the vote.,I just thank you very much for the it's received full bipartisan support so far and look forward to that continuing and also to point out one of my witnesses is also a constituent and we thank her for her long time work in advocating for people with mental health issues
CA,CA_201720180AB2394,254800,12,7492,COMMITTEE_MEMBER,4.0,0,0.7058823529411765,2,0,0,,,VOTE,other questions and comments from the ORG seeing none would you like to close,DISCUSSION,CLOSING_REMARKS,"The utterance is a transition into closing remarks: it may note a motion, but its operative cue asks the author to close before roll call.",other questions and comments from the ORG seeing none would you like to close
CA,CA_201720180AB2479,254654,9,100934,LEGISLATOR,2.0,0,0.5625,3,0,0,,,PUBLIC_COMMENTS,yes sir this is a financial agreement between parties and it's organized through the universities so many of the same donors that support universities will support students under incredibly favorable conditions,,CLOSING_REMARKS,This is the author/member closing response following an explicit invitation to close and immediately preceding the vote.,yes sir this is a financial agreement between parties and it's organized through the universities so many of the same donors that support universities will support students under incredibly favorable conditions
CA,CA_201720180AB263,52399,24,69,LEGISLATOR,2.0,0,0.8571428571428571,6,0,0,ARGUMENT,,PUBLIC_COMMENTS,yes with that I know there's some question regarding opposition regarding radios and by all means they have to be able to re-communicating with our men and women out there on the streets providing the care that they do to take care of us on the day to day basis so with that in closing you know i've been in the ambulance industry over 30 years it's an industry that's very unique that operates 24 seven seven days a week no matter what goes on here or there we always have folks there ready available to respond to us in case that time is needed and being that i've been doing that for so long I could tell you stories and stories of things that as I talked about relate to me that happened to me personally and close friends of mine as well and I know jamie you talked about who takes care of us as first responders but be rest assured that as a fellow ORG provider you have a voice in GPE and that's why i'm here to address these issues and concerns because this is an industry that's not really well represented and doesn't really have a voice but they do have a voice with me here in GPE so with that I respectfully ask for your aye vote,,CLOSING_REMARKS,This is the author/member closing response following an explicit invitation to close and immediately preceding the vote.,yes with that I know there's some question regarding opposition regarding radios and by all means they have to be able to re-communicating with our men and women out there on the streets providing the care that they do to take care of us on the day to day basis so with that in closing you know i've been in the ambulanc
CA,CA_201720180AB2859,254663,24,101330,LEGISLATOR,2.0,0,0.75,5,0,0,,,PUBLIC_COMMENTS,thank you very much well I really appreciate the opportunity to present BILL the whole purpose of it is to prevent young children toddlers and teens for being to access these drugs but it also provides an opportunity for the person that has been prescribed the opioids to know if in fact anybody has been taking or trying to get into their drugs we've also heard about situations where it raises the awareness where open houses people are showing up and going to the medicine cabinets unbelievable but it really kind of I think identifies the whole issue of having those prescriptions available for anybody that might want to be looking at the medicine cabinet this is one of the solutions,,CLOSING_REMARKS,This is the author/member closing response following an explicit invitation to close and immediately preceding the vote.,thank you very much well I really appreciate the opportunity to present BILL the whole purpose of it is to prevent young children toddlers and teens for being to access these drugs but it also provides an opportunity for the person that has been prescribed the opioids to know if in fact anybody has been taking or tryin
CA,CA_201720180AB2890,255345,30,30,LEGISLATOR,2.0,0,0.7142857142857143,9,1,0,,,PUBLIC_COMMENTS,thank you senator again thank you senator COMMITTEE_MEMBER absolutely a collaboration very much has been great to work with senator COMMITTEE_MEMBER as well senator skinner we currently have a housing crisis I think we cannot continue to accept the current situation as normal or okay I think this is why we continue to push this legislation unfortunately in reaction to much of the good that's been done to cities as our gentleman from the league has referred to cities have now erected significant barriers regarding lot sizes I think that it's a very significant concern we really want the ORG to approve BILL really appreciate the comments from the ORG and thank you so much for your consideration,,CLOSING_REMARKS,This is the author/member closing response following an explicit invitation to close and immediately preceding the vote.,thank you senator again thank you senator COMMITTEE_MEMBER absolutely a collaboration very much has been great to work with senator COMMITTEE_MEMBER as well senator skinner we currently have a housing crisis I think we cannot continue to accept the current situation as normal or okay I think this is why we continue to 
CA,CA_201720180AB2920,255562,15,4,LEGISLATOR,2.0,0,0.6521739130434783,10,1,0,ARGUMENT,,PUBLIC_COMMENTS,thank you madam chair and members of the ORG and i'd like to thank my good friend mr NONLEGISLATOR from ORG and i'd like to put your mind at rest there is nothing about BILL that speaks to pension liability there's nothing about BILL that would and there's no evidence that would suggest that either of these fine and upstanding jurisdictions will do anything other than they have asked to do they're simply asking to put before their voters the opportunity for their voters to decide if they wish to tax themselves in the same way there more than a dozen jurisdictions have already done and be given the same waiver to do so by this ORG we're asking that there be the same opportunities provided for GPE and for the ORG in the north lake tahoe area so they can serve their citizens I respectfully ask for your aye vote,,CLOSING_REMARKS,This is the author/member closing response following an explicit invitation to close and immediately preceding the vote.,thank you madam chair and members of the ORG and i'd like to thank my good friend mr NONLEGISLATOR from ORG and i'd like to put your mind at rest there is nothing about BILL that speaks to pension liability there's nothing about BILL that would and there's no evidence that would suggest that either of these fine and up
CA,CA_201720180AB3033,254683,3,100932,PRESIDING_CHAIR,7.0,0,0.2142857142857142,6,0,0,,,PUBLIC_COMMENTS,thank you any other witnesses in support okay any witnesses in opposition okay seeing none any questions from the ORG okay I have a motion by ORG seconded by assemblymember reyes and the recommendation is do pass as amended to appropriations would you like to close thank you good afternoon,,CLOSING_REMARKS,"The utterance is a transition into closing remarks: it may note a motion, but its operative cue asks the author to close before roll call.",thank you any other witnesses in support okay any witnesses in opposition okay seeing none any questions from the ORG okay I have a motion by ORG seconded by assemblymember reyes and the recommendation is do pass as amended to appropriations would you like to close thank you good afternoon
CA,CA_201720180AB915,52546,46,101332,PRESIDING_CHAIR,7.0,0,0.8846153846153846,5,1,0,,,VOTE,are there any further questions of the ORG we need a second we have a second would you like to close mr LEGISLATOR,SECOND,CLOSING_REMARKS,"The utterance is a transition into closing remarks: it may note a motion, but its operative cue asks the author to close before roll call.",are there any further questions of the ORG we need a second we have a second would you like to close mr LEGISLATOR
CA,CA_201720180AB916,52654,2,6440,NONLEGISLATOR,0.0,0,0.2857142857142857,6,0,0,,,PUBLIC_COMMENTS,do we have any witnesses in support seeing none do we have any witnesses in opposition seeing none we have a motion and a second bring it back to the ORG any comments seeing none would you like to close,,CLOSING_REMARKS,"The utterance is a transition into closing remarks: it may note a motion, but its operative cue asks the author to close before roll call.",do we have any witnesses in support seeing none do we have any witnesses in opposition seeing none we have a motion and a second bring it back to the ORG any comments seeing none would you like to close
CA,CA_201720180SB1107,255187,3,100932,PRESIDING_CHAIR,7.0,0,0.3,5,0,0,,,PUBLIC_COMMENTS,thank you very much is there any witnesses in opposition hearing none questions from the ORG thank you we have a motion and a second would you like to close,,CLOSING_REMARKS,"The utterance is a transition into closing remarks: it may note a motion, but its operative cue asks the author to close before roll call.",thank you very much is there any witnesses in opposition hearing none questions from the ORG thank you we have a motion and a second would you like to close
CA,CA_201720180SB1113,254180,8,103,PRESIDING_CHAIR,7.0,0,0.6153846153846154,8,1,0,,,PUBLIC_COMMENTS,any opposition questions comments from any of the members see no questions or comments we have a motion we have a motion senator pan I will be supporting BILL would you like to close senator COMMITTEE_MEMBER,,CLOSING_REMARKS,"The utterance is a transition into closing remarks: it may note a motion, but its operative cue asks the author to close before roll call.",any opposition questions comments from any of the members see no questions or comments we have a motion we have a motion senator pan I will be supporting BILL would you like to close senator COMMITTEE_MEMBER
CA,CA_201720180SB1113,254180,9,25,COMMITTEE_MEMBER,4.0,0,0.6923076923076923,8,0,0,,,PUBLIC_COMMENTS,yes just very briefly I appreciate witnesses in support and the org's support for this I would just add another element you know the era that we're living in headline news about school shootings and active shooters but it's happening in workplaces as well and often involves a disgruntled employee often somebody dealing with domestic issues depression psychological it's a psychiatric break and just as we invest in prevention in our health care plans this is an investment in prevention that could avert these types of tragedies it could be as simple as employers voluntarily participating in making sure all employees know what services are available through the health plan that they have and making sure they know there's that safety line so with that I would appreciate your aye vote and look forward to working on implementation of this thank you,,CLOSING_REMARKS,This is the author/member closing response following an explicit invitation to close and immediately preceding the vote.,yes just very briefly I appreciate witnesses in support and the org's support for this I would just add another element you know the era that we're living in headline news about school shootings and active shooters but it's happening in workplaces as well and often involves a disgruntled employee often somebody dealing
CA,CA_201720180SB1113,254180,10,103,PRESIDING_CHAIR,7.0,0,0.7692307692307693,4,0,1,,,PUBLIC_COMMENTS,thank you we're item number 4 SB 111 it's do pass as amended to ORG call the members,,VOTE,"The utterance begins or conducts voting activity: motion, roll-call instruction, tally, open-roll handling, or bill disposition.",thank you we're item number 4 SB 111 it's do pass as amended to ORG call the members
CA,CA_201720180SB237,255691,2,294,EXPERT,1.0,0,0.021505376344086,16,1,0,,"ROLL_CALL,PUBLIC_COMMENTS",VOTE,mr chairman and members NONLEGISLATOR on behalf of ORG we indeed we did work with the author two years ago when his ORG passed this ORG which had a very modest increase in direct access of 8000 gigawatt hours which is double what BILL proposes to do we have been meeting with the direct access community over that period of time and there's a lot of pent up demand for instance my alma mater ORG has a very robust DA contract but it's capped and as you know mr chairman they've expanded that campus considerably and they have a need to increase their contract and they can't so we felt that a very modest increase which look this is less than what we did in the ORG increase it's been 10 years it's roughly a little less than 1500 megawatts if you branch it out there is waiting lists throughout GPE of commercial industrial public institutions local governments that far exceed that but we think that if folks support competition and the folks who are opposing BILL supposedly are all about competition then we should do a modest increase and allow that competition to move forward so we would urge an aye vote this is an issue that is very familiar to this ORG so we would urge an aye vote,RESULTS,EXPERT_TESTIMONY,"The current VOTE label is phase-shifted: these utterances are organized witness testimony and chair witness-management cues, not roll-call or motion activity.",mr chairman and members NONLEGISLATOR on behalf of ORG we indeed we did work with the author two years ago when his ORG passed this ORG which had a very modest increase in direct access of 8000 gigawatt hours which is double what BILL proposes to do we have been meeting with the direct access community over that period
CA,CA_201720180SB237,255691,3,48,PRESIDING_CHAIR,7.0,0,0.032258064516129,3,0,0,,,VOTE,thank you you have an organized presentation are you guys in support,DISCUSSION,EXPERT_TESTIMONY,"The current VOTE label is phase-shifted: these utterances are organized witness testimony and chair witness-management cues, not roll-call or motion activity.",thank you you have an organized presentation are you guys in support
CA,CA_201720180SB237,255691,4,1194,NONLEGISLATOR,0.0,0,0.043010752688172,1,0,0,,,VOTE,yes,DISCUSSION,EXPERT_TESTIMONY,"The current VOTE label is phase-shifted: these utterances are organized witness testimony and chair witness-management cues, not roll-call or motion activity.",yes
CA,CA_201720180SB237,255691,5,48,PRESIDING_CHAIR,7.0,0,0.053763440860215,1,0,0,,,VOTE,do you guys both want to speak okay if you can-,DISCUSSION,EXPERT_TESTIMONY,"The current VOTE label is phase-shifted: these utterances are organized witness testimony and chair witness-management cues, not roll-call or motion activity.",do you guys both want to speak okay if you can-
CA,CA_201720180SB237,255691,6,1194,NONLEGISLATOR,0.0,0,0.064516129032258,1,0,0,,,VOTE,we will be very brief,DISCUSSION,EXPERT_TESTIMONY,"The current VOTE label is phase-shifted: these utterances are organized witness testimony and chair witness-management cues, not roll-call or motion activity.",we will be very brief
CA,CA_201720180SB237,255691,7,48,PRESIDING_CHAIR,7.0,0,0.075268817204301,1,0,0,,,VOTE,please,DISCUSSION,EXPERT_TESTIMONY,"The current VOTE label is phase-shifted: these utterances are organized witness testimony and chair witness-management cues, not roll-call or motion activity.",please
CA,CA_201720180SB237,255691,8,1194,NONLEGISLATOR,0.0,0,0.086021505376344,12,1,0,,,VOTE,mr chairman and members of the ORG NONLEGISLATOR GPE manufacturers and technology association and i'll start by saying that energy prices in GPE for industrial ratepayers are about 86% above the national average or about 110% above our neighbors that makes GPE less competitive for energy intensive manufacturing investments and that includes everything from making cars to planes to pharmaceuticals to solar panels etc things that GPE would benefit from that would provide good paying jobs for many of mr nonlegislator's members as well and because of that we believe that choice is important and giving manufacturers an opportunity to find a more affordable energy option is critical to their success absent that GPE will continue to lag behind the rest of the nation in growing manufacturing jobs as we see a reshoring of that coming back from overseas as we see a resurgence in that growth so we have an opportunity here to give manufacturers a small amount of choice beyond what currently exists to expand a program that has proven to have great demand and great success to go along with it so with that we ask for your support thank you,DISCUSSION,EXPERT_TESTIMONY,"The current VOTE label is phase-shifted: these utterances are organized witness testimony and chair witness-management cues, not roll-call or motion activity.",mr chairman and members of the ORG NONLEGISLATOR GPE manufacturers and technology association and i'll start by saying that energy prices in GPE for industrial ratepayers are about 86% above the national average or about 110% above our neighbors that makes GPE less competitive for energy intensive manufacturing investm
CA,CA_201720180SB237,255691,9,950,EXPERT,1.0,0,0.0967741935483871,11,1,0,,PUBLIC_COMMENTS,VOTE,mr chairman and members NONLEGISLATOR representing ORG as well as ORG would just like to say very briefly we have capped the direct access market for some time it was last open in the keyhole bill in 2009 since then essentially the ORG market has grown unfettered we don't cap that ORG is expecting that by 2028 there'll be about 128000 gigawatts that'll go ORG with BILL if BILL passed and was signed by the governor you'd be talking about 28000 gigawatts so that's 128 versus 28 so this is a very modest increase we've allowed retail to grow but just for one sector of the providers we believe this is a modest opening and it's time to open this up thank you,RESULTS,EXPERT_TESTIMONY,"The current VOTE label is phase-shifted: these utterances are organized witness testimony and chair witness-management cues, not roll-call or motion activity.",mr chairman and members NONLEGISLATOR representing ORG as well as ORG would just like to say very briefly we have capped the direct access market for some time it was last open in the keyhole bill in 2009 since then essentially the ORG market has grown unfettered we don't cap that ORG is expecting that by 2028 there'll
CA,CA_201720180SB237,255691,10,48,PRESIDING_CHAIR,7.0,0,0.1075268817204301,1,0,0,,,VOTE,speakers in support if you could state your name your position and who you're representing,DISCUSSION,EXPERT_TESTIMONY,"The current VOTE label is phase-shifted: these utterances are organized witness testimony and chair witness-management cues, not roll-call or motion activity.",speakers in support if you could state your name your position and who you're representing
CA,CA_201720180SB237,255691,11,388,NONLEGISLATOR,0.0,0,0.1182795698924731,1,1,0,,,VOTE,mr chairman and members NONLEGISLATOR here on behalf of both ORG and albertsons safeway in support,DISCUSSION,EXPERT_TESTIMONY,"The current VOTE label is phase-shifted: these utterances are organized witness testimony and chair witness-management cues, not roll-call or motion activity.",mr chairman and members NONLEGISLATOR here on behalf of both ORG and albertsons safeway in support
CA,CA_201720180SB237,255691,12,444,NONLEGISLATOR,0.0,0,0.1290322580645161,1,1,0,,PUBLIC_COMMENTS,VOTE,mr chair and members NONLEGISLATOR on behalf of ORG in support thank you,DISCUSSION,EXPERT_TESTIMONY,"The current VOTE label is phase-shifted: these utterances are organized witness testimony and chair witness-management cues, not roll-call or motion activity.",mr chair and members NONLEGISLATOR on behalf of ORG in support thank you
CA,CA_201720180SB237,255691,13,1021,NONLEGISLATOR,0.0,0,0.1397849462365591,2,1,0,,PUBLIC_COMMENTS,VOTE,mr chair and members NONLEGISLATOR on behalf of ORG in support,DISCUSSION,EXPERT_TESTIMONY,"The current VOTE label is phase-shifted: these utterances are organized witness testimony and chair witness-management cues, not roll-call or motion activity.",mr chair and members NONLEGISLATOR on behalf of ORG in support
CA,CA_201720180SB237,255691,14,721,NONLEGISLATOR,0.0,0,0.1505376344086021,1,1,0,,PUBLIC_COMMENTS,VOTE,NONLEGISLATOR on behalf of ORG and its three GPE campuses and ORG in support,DISCUSSION,EXPERT_TESTIMONY,"The current VOTE label is phase-shifted: these utterances are organized witness testimony and chair witness-management cues, not roll-call or motion activity.",NONLEGISLATOR on behalf of ORG and its three GPE campuses and ORG in support
CA,CA_201720180SB237,255691,15,1202,NONLEGISLATOR,0.0,0,0.1612903225806451,1,1,0,,PUBLIC_COMMENTS,VOTE,NONLEGISLATOR with ORG we support,DISCUSSION,EXPERT_TESTIMONY,"The current VOTE label is phase-shifted: these utterances are organized witness testimony and chair witness-management cues, not roll-call or motion activity.",NONLEGISLATOR with ORG we support
CA,CA_201720180SB237,255691,16,590,NONLEGISLATOR,0.0,0,0.1720430107526881,1,1,0,,PUBLIC_COMMENTS,VOTE,NONLEGISLATOR with ORG GPE farmers and food processors we support,DISCUSSION,EXPERT_TESTIMONY,"The current VOTE label is phase-shifted: these utterances are organized witness testimony and chair witness-management cues, not roll-call or motion activity.",NONLEGISLATOR with ORG GPE farmers and food processors we support
CA,CA_201720180SB237,255691,17,161836,NONLEGISLATOR,0.0,0,0.1827956989247312,1,1,0,,PUBLIC_COMMENTS,VOTE,NONLEGISLATOR on behalf of ORG and cox automotive and we support,DISCUSSION,EXPERT_TESTIMONY,"The current VOTE label is phase-shifted: these utterances are organized witness testimony and chair witness-management cues, not roll-call or motion activity.",NONLEGISLATOR on behalf of ORG and cox automotive and we support
CA,CA_201720180SB237,255691,18,330,NONLEGISLATOR,0.0,0,0.1935483870967742,1,1,0,,PUBLIC_COMMENTS,VOTE,NONLEGISLATOR on behalf of ORG in support,DISCUSSION,EXPERT_TESTIMONY,"The current VOTE label is phase-shifted: these utterances are organized witness testimony and chair witness-management cues, not roll-call or motion activity.",NONLEGISLATOR on behalf of ORG in support
CA,CA_201720180SB237,255691,19,405,NONLEGISLATOR,0.0,0,0.2043010752688172,1,1,0,,,VOTE,NONLEGISLATOR for ORG in support,DISCUSSION,EXPERT_TESTIMONY,"The current VOTE label is phase-shifted: these utterances are organized witness testimony and chair witness-management cues, not roll-call or motion activity.",NONLEGISLATOR for ORG in support
CA,CA_201720180SB237,255691,20,153882,NONLEGISLATOR,0.0,0,0.2150537634408602,1,1,0,,,VOTE,NONLEGISLATOR representing endeavor support thank you,DISCUSSION,EXPERT_TESTIMONY,"The current VOTE label is phase-shifted: these utterances are organized witness testimony and chair witness-management cues, not roll-call or motion activity.",NONLEGISLATOR representing endeavor support thank you
CA,CA_201720180SB237,255691,21,163443,NONLEGISLATOR,0.0,0,0.2258064516129032,1,1,0,,PUBLIC_COMMENTS,VOTE,NONLEGISLATOR representing ORG in support,DISCUSSION,EXPERT_TESTIMONY,"The current VOTE label is phase-shifted: these utterances are organized witness testimony and chair witness-management cues, not roll-call or motion activity.",NONLEGISLATOR representing ORG in support
CA,CA_201720180SB237,255691,22,153437,NONLEGISLATOR,0.0,0,0.2365591397849462,2,1,0,,,VOTE,NONLEGISLATOR representing the 21000 people of IBW 1245 we support thank you,DISCUSSION,EXPERT_TESTIMONY,"The current VOTE label is phase-shifted: these utterances are organized witness testimony and chair witness-management cues, not roll-call or motion activity.",NONLEGISLATOR representing the 21000 people of IBW 1245 we support thank you
CA,CA_201720180SB237,255691,23,48,PRESIDING_CHAIR,7.0,0,0.2473118279569892,2,0,0,,,VOTE,do we have speakers in opposition on BILL if you could,DISCUSSION,EXPERT_TESTIMONY,"The current VOTE label is phase-shifted: these utterances are organized witness testimony and chair witness-management cues, not roll-call or motion activity.",do we have speakers in opposition on BILL if you could
CA,CA_201720180SB237,255691,24,99,COMMITTEE_MEMBER,4.0,0,0.2580645161290322,1,0,0,,,VOTE,none,DISCUSSION,EXPERT_TESTIMONY,"The current VOTE label is phase-shifted: these utterances are organized witness testimony and chair witness-management cues, not roll-call or motion activity.",none
CA,CA_201720180SB237,255691,25,14343,EXPERT,1.0,0,0.2688172043010752,52,1,1,,,OTHER,mr chairman and members NONLEGISLATOR for calcca first of all I want to say always regrettable to oppose one of senator committee_member's bills worked closely with him on the conservation legislation and his staff this year which was a great product and I have utmost respect for the senator especially in the area of energy nonetheless reasonable people can disagree and we disagree on this one we disagree for a few reasons one BILL isn't just a DA cap lift BILL also is a study usually that tells the ORG to study the issue of further raising the cap usually a study doesn't in legislation doesn't predetermine the outcome but this one does it says that the ORG must come up with recommendations for raising the cap and it must rely on a few different provisions a few different facts and issues one of which is on the last page of BILL between lines 10 and 12 the study would look at protecting ORG customers and ESP customers by the way who are almost all large industrial customers from rate shifts from cost shifts but not ORG customers and we think that and the comments by a couple of the witnesses really gets to what not for the author necessarily but some of the sponsors what BILL is about BILL is about ORG it's for them and so we just don't think that's fair if you're going to have the ORG do its study have it be open ended have them come to their conclusion based on their professional expertise and don't predetermine any of the outcome so that's A B that the analysis well let me just back up one of the factors there were many factors in the energy crisis way back when was lack of resource adequacy and including by ORG and by esps and many esps just failed and bailed back then and so now we have these resource adequacy requirements and recently 11 waivers were filed as your analysis mr chair indicates for resource adequacy and 10 of them were filed by esps so that remains an issue and ironically the entities that failed and bailed are the ones that aren't necessarily meeting resource adequacy today next is a renewable portfolio standard also referenced in your analysis mr chairman it says ious are on track or exceeding the ORG current law it says pous are on track or exceeding current law the ORG for current law requirements it says ccas are on track or exceeding current law it says six esps despite the fact that it is the law are out of compliance with current ORG requirements so we could have ORG 100 we could have SB 101 we have current law now many of them are not complying with that law now so we don't think this is the time to reward that industry there's a problem with ORG there's a problem with the ORG lastly it was notable to me that the representative from IBEW who he did reference BILL few years ago where there was a lot of criticism by that representative on short term contracts that esps had that it was a job problem it wiped out his representatives' jobs that was some of his testimony two three years ago this time even though that's a union all I heard was energy policy I didn't hear anything about what the nexus is to the client frankly so at any rate again there's no doubt that the author knows this issue well we have the utmost respect for him I witnessed him help save the state really during the energy crisis but we have to oppose BILL thank you,,EXPERT_TESTIMONY,"The current VOTE label is phase-shifted: these utterances are organized witness testimony and chair witness-management cues, not roll-call or motion activity.",mr chairman and members NONLEGISLATOR for calcca first of all I want to say always regrettable to oppose one of senator committee_member's bills worked closely with him on the conservation legislation and his staff this year which was a great product and I have utmost respect for the senator especially in the area of e
CA,CA_201720180SB237,255691,26,48,PRESIDING_CHAIR,7.0,0,0.2795698924731182,3,0,0,,,OTHER,thank you very much any other speakers in opposition out there in the crowd if you can please make your way to the mic,,PUBLIC_COMMENTS,"These are short public opposition comments and chair solicitation of those comments, not unrelated/OTHER material.",thank you very much any other speakers in opposition out there in the crowd if you can please make your way to the mic
CA,CA_201720180SB237,255691,27,36467,NONLEGISLATOR,0.0,0,0.2903225806451613,1,1,0,,PUBLIC_COMMENTS,OTHER,NONLEGISLATOR with ORG we oppose BILL thank you,,PUBLIC_COMMENTS,"These are short public opposition comments and chair solicitation of those comments, not unrelated/OTHER material.",NONLEGISLATOR with ORG we oppose BILL thank you
CA,CA_201720180SB237,255691,28,121035,NONLEGISLATOR,0.0,0,0.3010752688172043,1,1,0,,PUBLIC_COMMENTS,OTHER,NONLEGISLATOR on behalf of ORG in GPE in opposition,,PUBLIC_COMMENTS,"These are short public opposition comments and chair solicitation of those comments, not unrelated/OTHER material.",NONLEGISLATOR on behalf of ORG in GPE in opposition
CA,CA_201720180SB237,255691,29,161803,NONLEGISLATOR,0.0,0,0.3118279569892473,1,1,0,,PUBLIC_COMMENTS,OTHER,NONLEGISLATOR with ORG regretfully opposed,,PUBLIC_COMMENTS,"These are short public opposition comments and chair solicitation of those comments, not unrelated/OTHER material.",NONLEGISLATOR with ORG regretfully opposed
CA,CA_201720180SB237,255691,30,8598,NONLEGISLATOR,0.0,0,0.3225806451612903,1,0,0,,,OTHER,ORG on behalf of the nature conservancy in opposition,,PUBLIC_COMMENTS,"These are short public opposition comments and chair solicitation of those comments, not unrelated/OTHER material.",ORG on behalf of the nature conservancy in opposition
CA,CA_201720180SB237,255691,31,110532,NONLEGISLATOR,0.0,0,0.3333333333333333,1,1,0,,PUBLIC_COMMENTS,OTHER,NONLEGISLATOR on behalf of ORG opposed,,PUBLIC_COMMENTS,"These are short public opposition comments and chair solicitation of those comments, not unrelated/OTHER material.",NONLEGISLATOR on behalf of ORG opposed
CA,CA_201720180SB237,255691,32,121049,NONLEGISLATOR,0.0,0,0.3440860215053763,1,0,0,,,OTHER,ariel hamlin on behalf of ORG opposed,,PUBLIC_COMMENTS,"These are short public opposition comments and chair solicitation of those comments, not unrelated/OTHER material.",ariel hamlin on behalf of ORG opposed
CA,CA_201720180SB237,255691,33,153472,NONLEGISLATOR,0.0,0,0.3548387096774194,1,1,0,,,OTHER,NONLEGISLATOR TURN the utility reform network strongly oppose,,PUBLIC_COMMENTS,"These are short public opposition comments and chair solicitation of those comments, not unrelated/OTHER material.",NONLEGISLATOR TURN the utility reform network strongly oppose
CA,CA_201720180SB237,255691,34,48,PRESIDING_CHAIR,7.0,0,0.3655913978494624,6,1,0,,,OTHER,thank you we'll come to member comments do we have any member comments sure discussion we have a motion but we have a we're going to table the motion so we can hear some questions and testimonies senator NONLEGISLATOR followed by senator COMMITTEE_MEMBER,,LEGISLATOR_DISCUSSION,"This segment is member Q&A and policy discussion with witness responses on the bill, not unrelated/OTHER material.",thank you we'll come to member comments do we have any member comments sure discussion we have a motion but we have a we're going to table the motion so we can hear some questions and testimonies senator NONLEGISLATOR followed by senator COMMITTEE_MEMBER
CA,CA_201720180SB237,255691,35,36368,COMMITTEE_MEMBER,4.0,0,0.3763440860215054,11,1,0,,,OTHER,very good thank you mr chair senator COMMITTEE_MEMBER thank you for bringing this forward and I know your long history in this space i'm a big proponent of enhancing more distributed generation opportunities I think this market shows tremendous potential two concerns i've got one you may be able to alleviate my concern one you may not so first there's a lot of talk about cost shifting and leaving ORG customers in the lurch but can you clarify does BILL actually prevent consideration of that in the order itself or is that in the study portion of BILL this language that we're talking about where the recommendations do not cause undue shifting of costs and then they call out only electric corporations or to direct transaction customers been a lot of concerns raised from our locals about it but I read it to only be confined to the recommendations section so-,,LEGISLATOR_DISCUSSION,"This segment is member Q&A and policy discussion with witness responses on the bill, not unrelated/OTHER material.",very good thank you mr chair senator COMMITTEE_MEMBER thank you for bringing this forward and I know your long history in this space i'm a big proponent of enhancing more distributed generation opportunities I think this market shows tremendous potential two concerns i've got one you may be able to alleviate my concern
CA,CA_201720180SB237,255691,36,99,COMMITTEE_MEMBER,4.0,0,0.3870967741935484,1,0,0,,,OTHER,right let me answer that before you get to second part,,LEGISLATOR_DISCUSSION,"This segment is member Q&A and policy discussion with witness responses on the bill, not unrelated/OTHER material.",right let me answer that before you get to second part
CA,CA_201720180SB237,255691,37,36368,COMMITTEE_MEMBER,4.0,0,0.3978494623655914,1,0,0,,,OTHER,yeah please,,LEGISLATOR_DISCUSSION,"This segment is member Q&A and policy discussion with witness responses on the bill, not unrelated/OTHER material.",yeah please
CA,CA_201720180SB237,255691,38,99,COMMITTEE_MEMBER,4.0,0,0.4086021505376344,16,1,0,,,OTHER,if I could senator NONLEGISLATOR since about 2002 I don't know how much money's been spent and time's been spent on this issue of cost shifting when I had BILL before this committee years ago I brought before all of the various decisions that were made and this whole dynamic about in the post-energy crisis time how do we make sure that there's no stranded costs that there's resource adequacy whichever resource adequacy bill that we have no cost shift and what you'll see is it's not so much needs to be here because there's an entire body of law case authority at the ORG all of which prevents cost shifting it's exceedingly robust for people that leave and want to come back I mean if you want me to go through and give it to you but it's nothing less than extraordinary we have all the investors and utilities who last time when we were trying to do this were all against us you don't see them here today because I think that they see the benefit and the shifting away that they're becoming pipes wires and pole companies and we gotta figure out how to give them a rate of return to being more agnostic of what the source of power that's exactly what ORG is doing they're using their systems right and so that's pretty much been baked in the law in the last 15 years I don't think you would see the investor-owned utilities here being very loud as they were last time around about that and I think we've solved that issue but I think that's really what going on,,LEGISLATOR_DISCUSSION,"This segment is member Q&A and policy discussion with witness responses on the bill, not unrelated/OTHER material.",if I could senator NONLEGISLATOR since about 2002 I don't know how much money's been spent and time's been spent on this issue of cost shifting when I had BILL before this committee years ago I brought before all of the various decisions that were made and this whole dynamic about in the post-energy crisis time how do 
CA,CA_201720180SB237,255691,39,36368,COMMITTEE_MEMBER,4.0,0,0.4193548387096774,6,0,0,,,OTHER,sorry to interrupt you it's a very specific question though it's just about whether this language about not causing cost shifting to electric corporations or to direct transaction customers and ccas aren't called out is that actually mandated within how this new increment of DA access would be implemented or is it really just embedded in the recommendations themselves in other words is it part of the study or is it part of how the actual new energy would be brought on line,,LEGISLATOR_DISCUSSION,"This segment is member Q&A and policy discussion with witness responses on the bill, not unrelated/OTHER material.",sorry to interrupt you it's a very specific question though it's just about whether this language about not causing cost shifting to electric corporations or to direct transaction customers and ccas aren't called out is that actually mandated within how this new increment of DA access would be implemented or is it real
CA,CA_201720180SB237,255691,40,99,COMMITTEE_MEMBER,4.0,0,0.4301075268817204,5,0,0,,,OTHER,they have cost shifting period whether it's the ccas or anybody else the people who are going to pay for this are going to bear that additional cost whatever that cost is whoever the load comes from I don't think it's agnostic with respect to who it is I don't think there's any purpose to try to shift it to ccas or anybody else I think everybody's gotta go through that stress test,,LEGISLATOR_DISCUSSION,"This segment is member Q&A and policy discussion with witness responses on the bill, not unrelated/OTHER material.",they have cost shifting period whether it's the ccas or anybody else the people who are going to pay for this are going to bear that additional cost whatever that cost is whoever the load comes from I don't think it's agnostic with respect to who it is I don't think there's any purpose to try to shift it to ccas or any
CA,CA_201720180SB237,255691,41,36368,COMMITTEE_MEMBER,4.0,0,0.4408602150537634,2,0,0,,,OTHER,why not mention ccas in that provision I don't know maybe you can clarify,,LEGISLATOR_DISCUSSION,"This segment is member Q&A and policy discussion with witness responses on the bill, not unrelated/OTHER material.",why not mention ccas in that provision I don't know maybe you can clarify
CA,CA_201720180SB237,255691,42,99,COMMITTEE_MEMBER,4.0,0,0.4516129032258064,1,0,0,,,OTHER,I also want him to answer a lot of questions last time as you did not specifically,,LEGISLATOR_DISCUSSION,"This segment is member Q&A and policy discussion with witness responses on the bill, not unrelated/OTHER material.",I also want him to answer a lot of questions last time as you did not specifically
CA,CA_201720180SB237,255691,43,294,EXPERT,1.0,0,0.4623655913978494,14,0,0,,,OTHER,well the senator's right in GPE 350 and repeated in GPE 100 there is a prohibition on cost shifts whatsoever within the ORG there's also the opposition stated about my testimony two years ago about short-term contracts well we solved that that very same year later in the year in GPE 350 where we mandated that all esps ccas and ious enter into long-term contracts starting in 2020 so that was my testimony in march and then today it's different because we solved that problem in GPE 350 relative to the recommendations we've had conversations the author's office has had conversations with president picker BILL requires him to make a recommendation back to the ORG on what would be the appropriate increase in the cap this set of recommendations is not limited to what they can look at and we fully anticipate that they're going to use their discretion at the ORG to make that recommendation they'll probably do it within an existing proceeding that they have on customer choice what BILL is intended to do is in the interim until the ORG makes that decision provide a very modest amount of relief to the backlog that we have especially for existing customers like the GPE and many csus that have had long-term DA contracts their campuses have expanded and it doesn't make sense for them to be purchasing their power from one company and then have to go and now get it from somebody else as well and lastly the other reason why our position has changed is because unlike the ccas we have had ESP companies signed collective bargaining agreements with their internal staffs that we now represent like the call centers for noble for instance,,LEGISLATOR_DISCUSSION,"This segment is member Q&A and policy discussion with witness responses on the bill, not unrelated/OTHER material.",well the senator's right in GPE 350 and repeated in GPE 100 there is a prohibition on cost shifts whatsoever within the ORG there's also the opposition stated about my testimony two years ago about short-term contracts well we solved that that very same year later in the year in GPE 350 where we mandated that all esps 
CA,CA_201720180SB237,255691,44,36368,COMMITTEE_MEMBER,4.0,0,0.4731182795698925,2,0,0,,,OTHER,so i'm just going to take that comment to say that this is merely in the recommendations portion the recommendations portion is discretionary so they can also analyze the cost-shifting impact potentially on ccas and there's nothing in BILL that bars-,,LEGISLATOR_DISCUSSION,"This segment is member Q&A and policy discussion with witness responses on the bill, not unrelated/OTHER material.",so i'm just going to take that comment to say that this is merely in the recommendations portion the recommendations portion is discretionary so they can also analyze the cost-shifting impact potentially on ccas and there's nothing in BILL that bars-
CA,CA_201720180SB237,255691,45,99,COMMITTEE_MEMBER,4.0,0,0.4838709677419355,1,0,0,,,OTHER,adversely impacts,,LEGISLATOR_DISCUSSION,"This segment is member Q&A and policy discussion with witness responses on the bill, not unrelated/OTHER material.",adversely impacts
CA,CA_201720180SB237,255691,46,36368,COMMITTEE_MEMBER,4.0,0,0.4946236559139785,5,0,0,,,OTHER,would adversely impacts because you already have existing law that actually prevents that cost-shifting for this initial increment of power that you're authorizing okay so i'm sorry thank you for indulging mr chairman the other line of questioning was about ORG compliance and I was just wondering if you guys could all,,LEGISLATOR_DISCUSSION,"This segment is member Q&A and policy discussion with witness responses on the bill, not unrelated/OTHER material.",would adversely impacts because you already have existing law that actually prevents that cost-shifting for this initial increment of power that you're authorizing okay so i'm sorry thank you for indulging mr chairman the other line of questioning was about ORG compliance and I was just wondering if you guys could all
CA,CA_201720180SB237,255691,47,99,COMMITTEE_MEMBER,4.0,0,0.5053763440860215,7,0,0,,,OTHER,to cut to the chase ORG compliance is required we just passed the other day 100% hopefully the governor signs it and ORG has compliance for all these entities and if they don't comply there's a penalty section the reason there's no numbers i'm informed don't know if it's true personal knowledge that there's ccas that are out of compliance but they don't have reporting requirements so ultimately at the end of the day going to 100% for everybody and if you don't go there it applies to everybody and if you don't go there you get fined,,LEGISLATOR_DISCUSSION,"This segment is member Q&A and policy discussion with witness responses on the bill, not unrelated/OTHER material.",to cut to the chase ORG compliance is required we just passed the other day 100% hopefully the governor signs it and ORG has compliance for all these entities and if they don't comply there's a penalty section the reason there's no numbers i'm informed don't know if it's true personal knowledge that there's ccas that a
CA,CA_201720180SB237,255691,48,294,EXPERT,1.0,0,0.5161290322580645,5,0,0,,,OTHER,and that's just it senator i'd just add to that that everybody knows it's been a broad amount of discussion particularly to ORG and frankly last night in the governor's office that when this long-term contract issue comes up the ccas are going to have and this isn't about ccas but the ccas are going to have a very difficult time meeting those long-term contract obligations because they have not been found creditworthy and they've not been signing ppas today with very few exceptions,,LEGISLATOR_DISCUSSION,"This segment is member Q&A and policy discussion with witness responses on the bill, not unrelated/OTHER material.",and that's just it senator i'd just add to that that everybody knows it's been a broad amount of discussion particularly to ORG and frankly last night in the governor's office that when this long-term contract issue comes up the ccas are going to have and this isn't about ccas but the ccas are going to have a very diff
CA,CA_201720180SB237,255691,49,36368,COMMITTEE_MEMBER,4.0,0,0.5268817204301075,3,0,0,,,OTHER,and so how ORG has been doing on their long-term contracting because the analysis points out that they don't yeah that there's 10 of the 11 that have failed in their local resource adequacy requirements are esps so are they not just help me understand I know there's some of the bigger ones with big balance sheets I mean with these ones that aren't in compliance are these the smaller esps that we have to sort of push here,,LEGISLATOR_DISCUSSION,"This segment is member Q&A and policy discussion with witness responses on the bill, not unrelated/OTHER material.",and so how ORG has been doing on their long-term contracting because the analysis points out that they don't yeah that there's 10 of the 11 that have failed in their local resource adequacy requirements are esps so are they not just help me understand I know there's some of the bigger ones with big balance sheets I mea
CA,CA_201720180SB237,255691,50,294,EXPERT,1.0,0,0.5376344086021505,3,0,0,,,OTHER,I think we'll get that representative from the esps to come up and answer this question because I don't think that the final the deadline for them meeting their obligations is until 2020 I think what there is is there has been progress reports but i'll let,,LEGISLATOR_DISCUSSION,"This segment is member Q&A and policy discussion with witness responses on the bill, not unrelated/OTHER material.",I think we'll get that representative from the esps to come up and answer this question because I don't think that the final the deadline for them meeting their obligations is until 2020 I think what there is is there has been progress reports but i'll let
CA,CA_201720180SB237,255691,51,950,EXPERT,1.0,0,0.5483870967741935,2,0,0,,,OTHER,senator theo pelos representing ORG ORG your question is on the resource accuracy piece or the ORG piece,,LEGISLATOR_DISCUSSION,"This segment is member Q&A and policy discussion with witness responses on the bill, not unrelated/OTHER material.",senator theo pelos representing ORG ORG your question is on the resource accuracy piece or the ORG piece
CA,CA_201720180SB237,255691,52,36368,COMMITTEE_MEMBER,4.0,0,0.5591397849462365,1,0,0,,,OTHER,both wondering why six are out of compliance with ORG and wondering why 10 don't have their ras,,LEGISLATOR_DISCUSSION,"This segment is member Q&A and policy discussion with witness responses on the bill, not unrelated/OTHER material.",both wondering why six are out of compliance with ORG and wondering why 10 don't have their ras
CA,CA_201720180SB237,255691,53,950,EXPERT,1.0,0,0.5698924731182796,5,0,0,,,OTHER,to be quite frank with you I can't speak about resource adequacy I know sometimes on the resource adequacy an ESP will allow the utility to pick up some of that obligation as it relates to the ORG the next ORG compliance isn't due until 2020 all of the active members on ARM are on their way to making that and have made- i'm a little confused by that that wouldn't make sense the ORG piece would not make sense,,LEGISLATOR_DISCUSSION,"This segment is member Q&A and policy discussion with witness responses on the bill, not unrelated/OTHER material.",to be quite frank with you I can't speak about resource adequacy I know sometimes on the resource adequacy an ESP will allow the utility to pick up some of that obligation as it relates to the ORG the next ORG compliance isn't due until 2020 all of the active members on ARM are on their way to making that and have made
CA,CA_201720180SB237,255691,54,36368,COMMITTEE_MEMBER,4.0,0,0.5806451612903226,2,0,0,,,OTHER,I mean the thing that throws me off is one is called ORG like that doesn't sound like an ESP that's interested in meeting ORG obligation that sounds like a natural gas,,LEGISLATOR_DISCUSSION,"This segment is member Q&A and policy discussion with witness responses on the bill, not unrelated/OTHER material.",I mean the thing that throws me off is one is called ORG like that doesn't sound like an ESP that's interested in meeting ORG obligation that sounds like a natural gas
CA,CA_201720180SB237,255691,55,950,EXPERT,1.0,0,0.5913978494623656,1,0,0,,,OTHER,yeah that's a natural gas company which is that's a different set of issues and that's not BILL BILL is like-,,LEGISLATOR_DISCUSSION,"This segment is member Q&A and policy discussion with witness responses on the bill, not unrelated/OTHER material.",yeah that's a natural gas company which is that's a different set of issues and that's not BILL BILL is like-
CA,CA_201720180SB237,255691,56,36368,COMMITTEE_MEMBER,4.0,0,0.6021505376344086,1,0,0,,,OTHER,so like ORG that's an ESP and ORG those are others,,LEGISLATOR_DISCUSSION,"This segment is member Q&A and policy discussion with witness responses on the bill, not unrelated/OTHER material.",so like ORG that's an ESP and ORG those are others
CA,CA_201720180SB237,255691,57,950,EXPERT,1.0,0,0.6129032258064516,1,0,0,,,OTHER,ORG is an ESP,,LEGISLATOR_DISCUSSION,"This segment is member Q&A and policy discussion with witness responses on the bill, not unrelated/OTHER material.",ORG is an ESP
CA,CA_201720180SB237,255691,58,36368,COMMITTEE_MEMBER,4.0,0,0.6236559139784946,1,0,0,,,OTHER,ORG so just give us a sense is there an intent to seek a waiver on the ORG issue,,LEGISLATOR_DISCUSSION,"This segment is member Q&A and policy discussion with witness responses on the bill, not unrelated/OTHER material.",ORG so just give us a sense is there an intent to seek a waiver on the ORG issue
CA,CA_201720180SB237,255691,59,950,EXPERT,1.0,0,0.6344086021505376,2,0,0,,,OTHER,the ORG isn't due until 2020 I don't know if anybody's going to need a waiver in 2020 so that someone would file a waiver now on an ORG wouldn't make sense because the report's not due for another two years,,LEGISLATOR_DISCUSSION,"This segment is member Q&A and policy discussion with witness responses on the bill, not unrelated/OTHER material.",the ORG isn't due until 2020 I don't know if anybody's going to need a waiver in 2020 so that someone would file a waiver now on an ORG wouldn't make sense because the report's not due for another two years
CA,CA_201720180SB237,255691,60,36368,COMMITTEE_MEMBER,4.0,0,0.6451612903225806,3,0,0,,,OTHER,so in the past period they were not found out of compliance what's in our ORG analysis this is compliance period one that's a pre-2020 compliance period,,LEGISLATOR_DISCUSSION,"This segment is member Q&A and policy discussion with witness responses on the bill, not unrelated/OTHER material.",so in the past period they were not found out of compliance what's in our ORG analysis this is compliance period one that's a pre-2020 compliance period
CA,CA_201720180SB237,255691,61,950,EXPERT,1.0,0,0.6559139784946236,10,0,0,,,OTHER,so on the first compliance period when you had people with really small loads and it was a new requirement whether small entities definitely had challenges in meeting that because their loads are really small right so now we're in a different market right there's a lot more ownerables on the market we've built out the renewables there's plenty of excess utility contracts for ORG I would surprise me that that would be a problem in the next report which will be 2020 the problems that we faced in the nascent period of some of these requirements everyone was struggling with was it more difficult for some of the esps probably but now the market's changed because of a lot of the work that we've done here in the ORG and those resources are widely available,,LEGISLATOR_DISCUSSION,"This segment is member Q&A and policy discussion with witness responses on the bill, not unrelated/OTHER material.",so on the first compliance period when you had people with really small loads and it was a new requirement whether small entities definitely had challenges in meeting that because their loads are really small right so now we're in a different market right there's a lot more ownerables on the market we've built out the 
CA,CA_201720180SB237,255691,62,93,COMMITTEE_MEMBER,4.0,0,0.6666666666666666,2,0,0,,,OTHER,mr chairman,,LEGISLATOR_DISCUSSION,"This segment is member Q&A and policy discussion with witness responses on the bill, not unrelated/OTHER material.",mr chairman
CA,CA_201720180SB237,255691,63,48,PRESIDING_CHAIR,7.0,0,0.6774193548387096,1,1,0,,,OTHER,senator COMMITTEE_MEMBER,,LEGISLATOR_DISCUSSION,"This segment is member Q&A and policy discussion with witness responses on the bill, not unrelated/OTHER material.",senator COMMITTEE_MEMBER
CA,CA_201720180SB237,255691,64,93,COMMITTEE_MEMBER,4.0,0,0.6881720430107527,26,1,0,,,OTHER,thank you so much mr chair I do appreciate the work that has gone into BILL from senator COMMITTEE_MEMBER always one of the most and one of the hardest working productive here in the ORG and of course mr NONLEGISLATOR as well who is also one of the hardest working and most productive i'm going to I don't have any questions but a few comments quickly and i'll do it in less than two minutes like it or not nearly 50% of the population are going to receive their energy from ccas here in the coming years when I was in ORG in GPE we started up what is now one of the largest ccas in the state ORG and what we had one of the biggest decisions that we had to make is if this is going to be feasible because the taxpayers would be on the hook so we had to look at what our load was going to be and the way we looked at load is not just is not on residential but it's going to be also on commercial and to be able to see if this is going to make it work because we also made a commitment that we're going to be delivering energy greener as well as at a cheaper rate and I have some concerns because each of the ccas have done there own determination alone so there is some concern about that I also come from a municipal utility i'm glad that BILL exempts municipal utilities but it exempts but it does not exempt ccas the other piece that i'll say is we'll look at this cap increase from 13 to 15% I do have some concerns in regards to the study that we are predetermining if we do look at esps by far not all are complying with ORG absolutely correct in regards to they have a 2020 deadline to be able to get there and we take a look at what those long-term contracts had been whether it's for municipal as well as ORG and on the ORG side many have already hit their goal or exceeded it that's so that's my understanding and have the data so as I shared with the good senator i'm not going to be able to support BILL i'm very grateful for the work that's been put into this but im not going to be able to support BILL today,,LEGISLATOR_DISCUSSION,"This segment is member Q&A and policy discussion with witness responses on the bill, not unrelated/OTHER material.",thank you so much mr chair I do appreciate the work that has gone into BILL from senator COMMITTEE_MEMBER always one of the most and one of the hardest working productive here in the ORG and of course mr NONLEGISLATOR as well who is also one of the hardest working and most productive i'm going to I don't have any quest
CA,CA_201720180SB237,255691,65,100945,COMMITTEE_MEMBER,4.0,0,0.6989247311827957,12,1,0,,,OTHER,thank you and I want to thank senator COMMITTEE_MEMBER for his time and effort in BILL and i'm always at a loss when I hear the concerns about cost shifts but no one's concerned about the cost shift that investor owned utilities have experienced over the last 10 years with most of the crazy policies that we've implemented here in this ORG that allows the formation of ccas esps and I don't even understand why you would categorize an ESP any different or a ORG any different from the ESP they're energy service provider regardless of how you want to dress it up that's all they are on paper they provide power they don't create any jobs and it's a cost shift to the investor owned utility who's entered into long-term contracts and we're allowing their customers to migrate away and I believe in customer choice I truly believe in customer choice but to continue to be concerned about the cost shift only when it impacts ORG and not the investor owned utility I think we're missing a mark here we should be concerned any time customers are or any entity is asked to enter in a long-term contract and will allow their customers to migrate away regardless who the provider of that power is so I think this is another opportunity to expand the market everybody talks about they like customer choice and a competitive market just provides it,,LEGISLATOR_DISCUSSION,"This segment is member Q&A and policy discussion with witness responses on the bill, not unrelated/OTHER material.",thank you and I want to thank senator COMMITTEE_MEMBER for his time and effort in BILL and i'm always at a loss when I hear the concerns about cost shifts but no one's concerned about the cost shift that investor owned utilities have experienced over the last 10 years with most of the crazy policies that we've implemen
CA,CA_201720180SB237,255691,66,48,PRESIDING_CHAIR,7.0,0,0.7096774193548387,1,0,0,,,OTHER,do we have a motion to move the confederate ORG amendments,,LEGISLATOR_DISCUSSION,"This segment is member Q&A and policy discussion with witness responses on the bill, not unrelated/OTHER material.",do we have a motion to move the confederate ORG amendments
CA,CA_201720180SB237,255691,67,34364,COMMITTEE_MEMBER,4.0,0,0.7204301075268817,6,0,0,,,OTHER,yes thank you so I in the analysis i've read I heard a comment that the org's do not have the same disclosure responsibilities that a direct access and my understanding from the analysis is it's the opposite that the direct access customers don't have the same disclosure requirements their contracts are not always made public whereas the org's are i'd like to hear from both sides on that to get clarification,,LEGISLATOR_DISCUSSION,"This segment is member Q&A and policy discussion with witness responses on the bill, not unrelated/OTHER material.",yes thank you so I in the analysis i've read I heard a comment that the org's do not have the same disclosure responsibilities that a direct access and my understanding from the analysis is it's the opposite that the direct access customers don't have the same disclosure requirements their contracts are not always made
CA,CA_201720180SB237,255691,68,294,EXPERT,1.0,0,0.7311827956989247,3,0,0,,,OTHER,again i'm going to answer part of the question and answer the direct access advocates come up one difference between ORG that contrasts is that when ESP negotiates with a customer they have to negotiate directly with them one customer at a time negotiate a contract that's good for one year whereas the ORG sweeps customers and oftentimes those customers are totally unaware that they are now a customer of ORG,,LEGISLATOR_DISCUSSION,"This segment is member Q&A and policy discussion with witness responses on the bill, not unrelated/OTHER material.",again i'm going to answer part of the question and answer the direct access advocates come up one difference between ORG that contrasts is that when ESP negotiates with a customer they have to negotiate directly with them one customer at a time negotiate a contract that's good for one year whereas the ORG sweeps custom
CA,CA_201720180SB237,255691,69,34364,COMMITTEE_MEMBER,4.0,0,0.7419354838709677,1,0,0,,,OTHER,disclosure on the contracts that's the only question,,LEGISLATOR_DISCUSSION,"This segment is member Q&A and policy discussion with witness responses on the bill, not unrelated/OTHER material.",disclosure on the contracts that's the only question
CA,CA_201720180SB237,255691,70,950,EXPERT,1.0,0,0.7526881720430108,6,1,0,,PUBLIC_COMMENTS,OTHER,NONLEGISLATOR representing ORG as it relates to the transparency issue I think we got pretty high marks for the ORG for what we disclosed we've been a big advocate on the power content labeling we have to provide all the same ORG reports that any retail seller does the difference though the actual contract because we're in a competitive market in other words if i'm serving a company right after that contract is up another company can come and try to steal them from me so the actual prices and terms of those contracts is confidential because it's a competitive market which is what we would say makes this the robust market and is able to drive down prices so that portion of the contract is absolutely confidential having said that as far as the fine lines at the ORG we meet the same that any-,,LEGISLATOR_DISCUSSION,"This segment is member Q&A and policy discussion with witness responses on the bill, not unrelated/OTHER material.",NONLEGISLATOR representing ORG as it relates to the transparency issue I think we got pretty high marks for the ORG for what we disclosed we've been a big advocate on the power content labeling we have to provide all the same ORG reports that any retail seller does the difference though the actual contract because we'r
CA,CA_201720180SB237,255691,71,294,EXPERT,1.0,0,0.7634408602150538,6,0,0,,,OTHER,in addition to that the org's report to CARB their ORG footprint of their portfolio and the ccas do not the reason why ccas do not is because they use an intermediary so for instance when they purchase from ORG they do not report directly to CARB because they buy it through ORG and so ORG which purchases for a huge number of different folks reports but you can't differentiate what exactly in their portfolio belongs to ORG for instance so in a lot of respects esps hit a higher standard for transparency than ccas do,,LEGISLATOR_DISCUSSION,"This segment is member Q&A and policy discussion with witness responses on the bill, not unrelated/OTHER material.",in addition to that the org's report to CARB their ORG footprint of their portfolio and the ccas do not the reason why ccas do not is because they use an intermediary so for instance when they purchase from ORG they do not report directly to CARB because they buy it through ORG and so ORG which purchases for a huge num
CA,CA_201720180SB237,255691,72,14343,EXPERT,1.0,0,0.7741935483870968,3,0,0,,,OTHER,mr chairman a lot of things have been said about ccas can I have two or three minutes to respond please okay,,LEGISLATOR_DISCUSSION,"This segment is member Q&A and policy discussion with witness responses on the bill, not unrelated/OTHER material.",mr chairman a lot of things have been said about ccas can I have two or three minutes to respond please okay
CA,CA_201720180SB237,255691,73,34364,COMMITTEE_MEMBER,4.0,0,0.7849462365591398,1,0,0,,,OTHER,but just to ask a question on disclosure,,LEGISLATOR_DISCUSSION,"This segment is member Q&A and policy discussion with witness responses on the bill, not unrelated/OTHER material.",but just to ask a question on disclosure
CA,CA_201720180SB237,255691,74,48,PRESIDING_CHAIR,7.0,0,0.7956989247311828,1,0,0,,,OTHER,briefly,,LEGISLATOR_DISCUSSION,"This segment is member Q&A and policy discussion with witness responses on the bill, not unrelated/OTHER material.",briefly
CA,CA_201720180SB237,255691,75,14343,EXPERT,1.0,0,0.8064516129032258,4,0,0,,,OTHER,yes sir thank you I will respond briefly so first of all i'm just going to categorically disagree with any assertion that A org's aren't compliant with the ORG,,LEGISLATOR_DISCUSSION,"This segment is member Q&A and policy discussion with witness responses on the bill, not unrelated/OTHER material.",yes sir thank you I will respond briefly so first of all i'm just going to categorically disagree with any assertion that A org's aren't compliant with the ORG
CA,CA_201720180SB237,255691,76,34364,COMMITTEE_MEMBER,4.0,0,0.8172043010752689,1,0,0,,,OTHER,just about disclosure,,LEGISLATOR_DISCUSSION,"This segment is member Q&A and policy discussion with witness responses on the bill, not unrelated/OTHER material.",just about disclosure
CA,CA_201720180SB237,255691,77,14343,EXPERT,1.0,0,0.8279569892473119,2,0,0,,,OTHER,right right all the evidence to the contrary B we are governed by locally,,LEGISLATOR_DISCUSSION,"This segment is member Q&A and policy discussion with witness responses on the bill, not unrelated/OTHER material.",right right all the evidence to the contrary B we are governed by locally
CA,CA_201720180SB237,255691,78,48,PRESIDING_CHAIR,7.0,0,0.8387096774193549,0,0,0,,,OTHER,if I could just interrupt you asked-,,LEGISLATOR_DISCUSSION,"This segment is member Q&A and policy discussion with witness responses on the bill, not unrelated/OTHER material.",if I could just interrupt you asked-
CA,CA_201720180SB237,255691,79,34364,COMMITTEE_MEMBER,4.0,0,0.8494623655913979,1,0,0,,,OTHER,disclosure,,LEGISLATOR_DISCUSSION,"This segment is member Q&A and policy discussion with witness responses on the bill, not unrelated/OTHER material.",disclosure
CA,CA_201720180SB237,255691,80,14343,EXPERT,1.0,0,0.8602150537634409,1,0,0,,,OTHER,yes,,LEGISLATOR_DISCUSSION,"This segment is member Q&A and policy discussion with witness responses on the bill, not unrelated/OTHER material.",yes
CA,CA_201720180SB237,255691,81,34364,COMMITTEE_MEMBER,4.0,0,0.8709677419354839,1,0,0,,,OTHER,thank you,,LEGISLATOR_DISCUSSION,"This segment is member Q&A and policy discussion with witness responses on the bill, not unrelated/OTHER material.",thank you
CA,CA_201720180SB237,255691,82,48,PRESIDING_CHAIR,7.0,0,0.8817204301075269,0,0,0,,,OTHER,disclosure of the esps-,,LEGISLATOR_DISCUSSION,"This segment is member Q&A and policy discussion with witness responses on the bill, not unrelated/OTHER material.",disclosure of the esps-
CA,CA_201720180SB237,255691,83,14343,EXPERT,1.0,0,0.8924731182795699,7,0,0,,,OTHER,I will respond so secondly to your question senator as you all know ccas are governed by local elected governing boards the brown act applies etc all the discussions are consistent with the equivalent of a ORG meeting and they're completely transparent and they're not here I guess testifying today but at previous hearings on this matter turn is the one who has asserted that the ESP contracts are not transparent and finally all I did with regard to resource adequacy and the ORG is read the ORG analysis in a few short words it said these esps aren't compliant and there was about 15 minutes of discussion to perhaps suggest that they are they're not and BILL would reward them,,LEGISLATOR_DISCUSSION,"This segment is member Q&A and policy discussion with witness responses on the bill, not unrelated/OTHER material.",I will respond so secondly to your question senator as you all know ccas are governed by local elected governing boards the brown act applies etc all the discussions are consistent with the equivalent of a ORG meeting and they're completely transparent and they're not here I guess testifying today but at previous heari
CA,CA_201720180SB237,255691,84,48,PRESIDING_CHAIR,7.0,0,0.9032258064516128,4,1,0,,ROLL_CALL,OTHER,close we're going to re-establish a motion and the motion is to move to concur with the ORG amendments NONLEGISLATOR please call the roll,,VOTE,"The chair re-establishes the motion, calls the roll, announces the tally, and disposes of the bill.",close we're going to re-establish a motion and the motion is to move to concur with the ORG amendments NONLEGISLATOR please call the roll
CA,CA_201720180SB237,255691,85,99,COMMITTEE_MEMBER,4.0,0,0.913978494623656,1,0,0,,,OTHER,can I close real quickly,,CLOSING_REMARKS,The author asks to close and delivers final remarks immediately before the roll call.,can I close real quickly
CA,CA_201720180SB237,255691,86,48,PRESIDING_CHAIR,7.0,0,0.9247311827956988,1,0,0,,,OTHER,would you like to,,CLOSING_REMARKS,The author asks to close and delivers final remarks immediately before the roll call.,would you like to
CA,CA_201720180SB237,255691,87,99,COMMITTEE_MEMBER,4.0,0,0.935483870967742,28,0,0,ARGUMENT,,OTHER,I would please sir yeah I just the reason i'm saying this is you know I get where we are but what are we trying to do we got these queer briefly completing policies on the one hand we want to make sure we don't have the world blow up like it blew up during the energy crisis because everybody is off and we abandoned the investor owned utilities on the other hand we're trying to deal with the complexities and all the new dynamics of renewables the duck curve and all the various things and the challenges and batteries and storage and all that stuff so we have a policy that says go out and buy renewables companies but when they have a surplus you can't sell it so you're creating an impingement on the market then we've got somebody over here that wants to buy it and because it's a surplus they can buy it at a lot less price you can load up all the costs the indirect costs to make sure there's no cost shifts and it's still cheaper right that's a good thing that's consistent with where we want to go in the future we're protected by this myriad of stuff that we've done over the years relating to cost shifting and we're protected by and moving in the right direction there are some holes in the resource adequacy piece to try to redefine it I tried to do part of it this year to redefine define it to deal with renewables and that's where we are and what happens in the process ccas walk up the middle in the whole of this thing where we can create this process but this whole notion about ccas they are proved to ORG and then you gotta a opt out provision for every customer these other people gotta do it customer by customer that's why this notion of saying transparency it's a great word that everybody likes and it's an easy way to attack something but it fundamentally tears at the heart of what this underlying issue is so all i'm just saying is is this was given a huge haircut by ORG appropriations they put the study in to try to do this thing it's dramatically less than what passed out of the ORG it's a small step to be able to relieve some market pressure that exists because there's a lot of people with very cheap energy they want to sell when I was chair of ORG the second biggest issue that everybody had in GPE was the cost of energy we have to deal with that renewable reduced costs and deal particularly with what's happening with utilities because we're adding these costs it's a really smart and thoughtful thing I ask for your aye vote,,CLOSING_REMARKS,This is the author/member closing response following an explicit invitation to close and immediately preceding the vote.,I would please sir yeah I just the reason i'm saying this is you know I get where we are but what are we trying to do we got these queer briefly completing policies on the one hand we want to make sure we don't have the world blow up like it blew up during the energy crisis because everybody is off and we abandoned the
CA,CA_201720180SB237,255691,88,48,PRESIDING_CHAIR,7.0,0,0.946236559139785,1,0,0,,ROLL_CALL,OTHER,thank you clerk please call the roll,,VOTE,"The chair re-establishes the motion, calls the roll, announces the tally, and disposes of the bill.",thank you clerk please call the roll
CA,CA_201720180SB237,255691,89,14856,EXPERT,1.0,0,0.956989247311828,21,1,0,,ROLL_CALL,OTHER,pursuant to 2910D that the ORG amendments be concurred in senator PRESIDING_CHAIR aye morrell aye GPE aye cannella aye COMMITTEE_MEMBER aye hill no COMMITTEE_MEMBER no skinner stern GPE aye weiner no 6-3,,VOTE,"The chair re-establishes the motion, calls the roll, announces the tally, and disposes of the bill.",pursuant to 2910D that the ORG amendments be concurred in senator PRESIDING_CHAIR aye morrell aye GPE aye cannella aye COMMITTEE_MEMBER aye hill no COMMITTEE_MEMBER no skinner stern GPE aye weiner no 6-3
CA,CA_201720180SB237,255691,90,48,PRESIDING_CHAIR,7.0,0,0.967741935483871,2,0,1,,RESULTS,OTHER,the final count is 6 to 3 BILL is out we're going to go back to item two SB 782 clerk please call the absent members,,VOTE,"The chair re-establishes the motion, calls the roll, announces the tally, and disposes of the bill.",the final count is 6 to 3 BILL is out we're going to go back to item two SB 782 clerk please call the absent members
CA,CA_201720180SB295,52297,11,25,COMMITTEE_MEMBER,4.0,0,0.4230769230769231,14,0,0,,,PUBLIC_COMMENTS,thank you I know you're anxious to wrap up but I appreciate your comments madam chair and I would just offer it's rare I think when we have success passing a bill that we have to come back a couple years later because we've learned it has not been implemented with the good faith intention that we anticipated that it would be the stakes are so incredibly high you heard just a couple of examples but I think the discernment among over 1000 workers many of whom got no training at all shows that without more teeth which BILL offers is the ability for the labor commissioner only upon a finding of failure of compliance to impose fines and again any employer who faces that gets a whole range of due process options to challenge that to have a hearing and we believe that this is an appropriate next step to impress not only the importance but the real goal to protect predominately women in the workforce who in agriculture often in remote areas often dependent on foremen for rides in trucks or buses and it's just a different workplace than many who work in office settings or whatever so I appreciate the org's opportunity today and would urge your aye vote thank you,,CLOSING_REMARKS,"The author/member makes a final request for support immediately before the vote, which is closing remarks rather than public discussion/testimony.",thank you I know you're anxious to wrap up but I appreciate your comments madam chair and I would just offer it's rare I think when we have success passing a bill that we have to come back a couple years later because we've learned it has not been implemented with the good faith intention that we anticipated that it wo
CA,CA_201720180SB630,52888,12,34364,LEGISLATOR,2.0,0,0.631578947368421,11,0,1,ARGUMENT,,PUBLIC_COMMENTS,thanks so much I appreciate ORG explanation of SB 44 yes SB 44 did provide as I referenced some good allocation of funding to counties for programming rehabilitative another space and certainly it did not deal with necessarily expansion of bed capacity but the issue is if you have a county facility where you have a good amount of capacity or even prime facility being used for a purpose other than the county inmates that we know are growing in number and that we need to serve then you have spaces otherwise available that is tied up and not only that your upgrades to other space could be costlier because what you are upgrading may not be in as good shape as the facility that you are contracting out so the point is that while the state yes the ORG in approving the budget and improving these bills has allocated multiple billions for our county's jail facilities the need state wide is greater than the money that we've appropriated so the point is to try to make sure that in our limited resources we are utilizing those resources in the smartest way possible to serve those needs that the state has first if counties then still have available facility great then it doesn't prohibit them from having a contract so that's the purpose of BILL and I respectfully ask for your aye vote,,CLOSING_REMARKS,This is the author/member closing response following an explicit invitation to close and immediately preceding the vote.,thanks so much I appreciate ORG explanation of SB 44 yes SB 44 did provide as I referenced some good allocation of funding to counties for programming rehabilitative another space and certainly it did not deal with necessarily expansion of bed capacity but the issue is if you have a county facility where you have a goo
CA,CA_201720180SB695,255318,4,11,PRESIDING_CHAIR,7.0,0,0.3333333333333333,6,1,0,,,PUBLIC_COMMENTS,thank you very much any additional witnesses wishing to speak in support seeing none any witnesses in opposition seeing no witnesses in opposition any questions or comments from ORG members at this time seeing no questions and comments senator LEGISLATOR do you wish to close,,CLOSING_REMARKS,"The utterance is a transition into closing remarks: it may note a motion, but its operative cue asks the author to close before roll call.",thank you very much any additional witnesses wishing to speak in support seeing none any witnesses in opposition seeing no witnesses in opposition any questions or comments from ORG members at this time seeing no questions and comments senator LEGISLATOR do you wish to close
CA,CA_201720180SB963,254681,4,93,PRESIDING_CHAIR,7.0,0,0.5,1,0,0,,,LEGISLATOR_DISCUSSION,thank you so much we do have a motion on the floor by the vice chair we welcome any short testimony sir,,VOTE,"The utterance begins or conducts voting activity: motion, roll-call instruction, tally, open-roll handling, or bill disposition.",thank you so much we do have a motion on the floor by the vice chair we welcome any short testimony sir
CA,CA_201720180SCA22,254831,36,70,LEGISLATOR,2.0,0,0.8571428571428571,4,0,0,,,PUBLIC_COMMENTS,I appreciate the thoughtful discussion of everyone involved and really do look forward to working with everyone as this moves along and I also just want to thank those who spoke out both in opposition and the tweeners in support I think there's a path here and ultimately this is about providing local voters with more local control over their own taxation system their own revenue generation system for the local schools,,CLOSING_REMARKS,This is the author/member closing response following an explicit invitation to close and immediately preceding the vote.,I appreciate the thoughtful discussion of everyone involved and really do look forward to working with everyone as this moves along and I also just want to thank those who spoke out both in opposition and the tweeners in support I think there's a path here and ultimately this is about providing local voters with more l
