row_index,bid,uid,old_section,new_section,reason,text_excerpt
7,CA_201720180AB1062,2,PUBLIC_COMMENTS,EXPERT_TESTIMONY,Department of Finance is explicitly called as the witness/opposition expert before public comments.,motion by well a motion by ms reyes a second by mr bocanegra do we have any speakers in support speakers in opposition department of finance
8,CA_201720180AB1062,3,PUBLIC_COMMENTS,EXPERT_TESTIMONY,Department of Finance is explicitly called as the witness/opposition expert before public comments.,no file
15,CA_201720180AB1397,2,PUBLIC_COMMENTS,EXPERT_TESTIMONY,Chair opens witness support and sponsor/support witness gives substantive testimony before public comments.,we have a motion by ms reyes second a second by mr quirk speakers in support
16,CA_201720180AB1397,3,PUBLIC_COMMENTS,EXPERT_TESTIMONY,Chair opens witness support and sponsor/support witness gives substantive testimony before public comments.,good morning anya lawler with the western center on law and poverty and the california legal assistance foundation we are the sponsors of the bill and here in support and to answer any questions
21,CA_201720180AB169,0,VOTE,OTHER,Refers explicitly to AB10 rather than current AB169; fallback OTHER for prior-bill cleanup.,who s next members we have a procedural issue we need to address quickly what i d like to do is lift the call on ab10 without objection i m rescinding the motion whereby the bill was referred to appropriations and we need a new motion to due pass and refer to 
22,CA_201720180AB169,1,VOTE,OTHER,Refers explicitly to AB10 rather than current AB169; fallback OTHER for prior-bill cleanup.,so moved second it s been moved and seconded that will be the order please call the role o donnell aye o donnell aye chavez aye chavez aye gloria aye gloria aye aye so are you in the
23,CA_201720180AB169,2,VOTE,OTHER,Refers explicitly to AB10 rather than current AB169; fallback OTHER for prior-bill cleanup.,this is ab 10 ms garcia s bill what we re doing is we re restating the motion so we rescinded the original motion and the motion now is to do pass and refer to the committee on housing and community development the bill is now being double referred which was a
46,CA_201720180AB169,25,EXPERT_TESTIMONY,LEGISLATOR_DISCUSSION,Witness answer occurs inside legislator Q&A after public comments; do not reopen EXPERT_TESTIMONY.,so in terms of data there haven t been any studies about which amounts there s a few studies showing that really small amounts don t have any effect a lot of the programs that are studied that are effective tend to be in the 20 30 000 range
58,CA_201720180AB221,8,EXPERT_TESTIMONY,PUBLIC_COMMENTS,"After the chair opens broader support/opposition comments, these are public/opposition comments, not a renewed expert-testimony block.",thank you mr chairman and members of the committee christie balma on behalf of the california professional firefighters we re strongly opposed to the measure it s been said repeatedly but i ll state it again we agree on the problem we even honor this author an
60,CA_201720180AB221,10,EXPERT_TESTIMONY,PUBLIC_COMMENTS,"After the chair opens broader support/opposition comments, these are public/opposition comments, not a renewed expert-testimony block.",thank you mr chair and members amy jarvin with the california medical association also in opposition to the bill the system is already difficult for physicians and injured workers to secure medical treatment coverage especially when it comes to occupational di
61,CA_201720180AB221,11,EXPERT_TESTIMONY,PUBLIC_COMMENTS,"After the chair opens broader support/opposition comments, these are public/opposition comments, not a renewed expert-testimony block.",further increase frictional costs and delays in the system i respectfully ask for your no vote
63,CA_201720180AB221,13,EXPERT_TESTIMONY,PUBLIC_COMMENTS,"After the chair opens broader support/opposition comments, these are public/opposition comments, not a renewed expert-testimony block.",thank you mr chair and members mitch seaman with the california labor federation also in opposition to this bill in addition to all the reasons previously stated we oppose this bill we re really concerned about what the effect of this could be in practice we a
67,CA_201720180AB221,17,EXPERT_TESTIMONY,PUBLIC_COMMENTS,"After the chair opens broader support/opposition comments, these are public/opposition comments, not a renewed expert-testimony block.",carl brackensiek on behalf of the california society of industrial medicine and surgery we are opposed we ve heard some excellent arguments in opposition to this legislation the bottom line is this bill will have a chilling effect on physicians treating injure
68,CA_201720180AB221,18,EXPERT_TESTIMONY,PUBLIC_COMMENTS,"After the chair opens broader support/opposition comments, these are public/opposition comments, not a renewed expert-testimony block.",nathan on behalf of bowman associates i d like to just make the point that at the request of the bill s author my office had provided numerous concrete and particularized examples of bona fida ct claims that seen are and under 25 000 we strongly urge oppositio
69,CA_201720180AB221,19,EXPERT_TESTIMONY,PUBLIC_COMMENTS,"After the chair opens broader support/opposition comments, these are public/opposition comments, not a renewed expert-testimony block.",thank you mr chair and members of the committee jeremy smith here on behalf of the state building and construction trades council we re also opposed
70,CA_201720180AB221,20,EXPERT_TESTIMONY,PUBLIC_COMMENTS,"After the chair opens broader support/opposition comments, these are public/opposition comments, not a renewed expert-testimony block.",mark mendoza on behalf of sciu california we are also in opposition and would just like to align some of our concerns also raised by the professional firefighters and the labor federation
71,CA_201720180AB221,21,EXPERT_TESTIMONY,PUBLIC_COMMENTS,"After the chair opens broader support/opposition comments, these are public/opposition comments, not a renewed expert-testimony block.",mr chair and members randy perry with aaron reid and associates on behalf of borac in opposition thank you
72,CA_201720180AB221,22,EXPERT_TESTIMONY,PUBLIC_COMMENTS,"After the chair opens broader support/opposition comments, these are public/opposition comments, not a renewed expert-testimony block.",mr chair and members matthew siverling on behalf of the association for los angeles deputy sheriffs the los angeles police protective league and the los angeles county probation officers union askme local 685 all opposed thank you
79,CA_201720180AB221,29,EXPERT_TESTIMONY,LEGISLATOR_DISCUSSION,"Answer within member Q&A, so it belongs to legislator discussion rather than expert testimony.",thank you the 25 000 doesn t apply to any case that meets one of the four thresholds which are the fire fighters which are legitimate cases most of these cases are being settled for 2 500 why i think the question and a real question is why aren t the insurance
83,CA_201720180AB221,33,EXPERT_TESTIMONY,LEGISLATOR_DISCUSSION,"Answer within member Q&A, so it belongs to legislator discussion rather than expert testimony.",i don t either because what s adding cost is 2 500 settlement after 2 500 settlement multiplied by thousands and thousands of claims it s that spike in continuous trauma i talked about earlier that s where the cost is so if you take the profit out of the busin
93,CA_201720180AB221,43,VOTE,LEGISLATOR_DISCUSSION,Motion/second occurs before discussion and closing continue; voting section has not begun yet.,second there s a motion and a second any other questions or comments mr chu
103,CA_201720180AB221,53,LEGISLATOR_DISCUSSION,VOTE,"Roll remains open for absent members; this is voting administration, not legislator discussion.",there s three aye votes there s at least four members missing i think in other committees and so forth so we ll keep the roll open as long as practical
105,CA_201720180AB221,55,EXPERT_TESTIMONY,OTHER,Post-vote stray/commentary utterance; not current bill discussion or testimony.,all right well that was a good discussion inaudible
115,CA_201720180AB2281,9,EXPERT_TESTIMONY,PUBLIC_COMMENTS,"After public comments/opposition have opened, this is a public opposition/comment entry rather than expert testimony.",mr chairman and members of the committee shane gusman on behalf of engineers and scientists of california and the teamsters both of these unions represent clinical laboratory scientists in california we do have concerns with the bill and we have registered our
117,CA_201720180AB2281,11,EXPERT_TESTIMONY,PUBLIC_COMMENTS,"After public comments/opposition have opened, this is a public opposition/comment entry rather than expert testimony.",my name is kristen saad i m a clinical laboratory scientist i was licensed here in california i got my bachelor s at sacramento state which is a very specific bachelor s my courses are not offered as an associate s degree you can only get them if you got to a 
118,CA_201720180AB2281,12,EXPERT_TESTIMONY,PUBLIC_COMMENTS,"After public comments/opposition have opened, this is a public opposition/comment entry rather than expert testimony.",hi my name is sandra i m a cls i trained at valley children s hospital so one of the tests it s adding blood smear reviews not only are you looking at the red blood cells white blood cells but so you take a smear you re looking at the whole cell but now you se
122,CA_201720180AB2281,16,EXPERT_TESTIMONY,PUBLIC_COMMENTS,"After public comments/opposition have opened, this is a public opposition/comment entry rather than expert testimony.",i m gail jones i m a clinical laboratory scientist in roseville and i strongly oppose ab 2281 when we work in transfusion services we have the risk to kill people and when we work in hematology we often are the first people to determine when somebody has cance
132,CA_201720180AB2281,26,EXPERT_TESTIMONY,PUBLIC_COMMENTS,"After public comments/opposition have opened, this is a public opposition/comment entry rather than expert testimony.",hello my name is brynne williams i m a clinical lab scientist i m also a specialist in blood banking and i want to point out that the bill is being passed off as these are moderate complexity tests actually any aborh and any antibody screen that is used to det
139,CA_201720180AB2281,33,EXPERT_TESTIMONY,LEGISLATOR_DISCUSSION,Witness/technical response is embedded in legislator Q&A; do not intersperse EXPERT_TESTIMONY with legislator discussion.,so typically in most hematology laboratories you re doing cbcs on highly automated instrumentation that do typically a five part leukocyte differential in addition in many cases 85 to 90 of the samples i go through the machine will spread out the information t
149,CA_201720180AB2281,43,EXPERT_TESTIMONY,LEGISLATOR_DISCUSSION,Witness/technical response is embedded in legislator Q&A; do not intersperse EXPERT_TESTIMONY with legislator discussion.,i would agree let me clarify two things one it s always the responsibility of the laboratory director to make sure that every individual s working in the laboratory is competent to perform the task that they re assigned to so a mlt who is not competent to look
151,CA_201720180AB2281,45,EXPERT_TESTIMONY,LEGISLATOR_DISCUSSION,Witness/technical response is embedded in legislator Q&A; do not intersperse EXPERT_TESTIMONY with legislator discussion.,so in regards to the blood smear into the education again there s a big difference in you took about six months of clinical training afterwards after you got your associate s degree versus you spent literally two years in your bachelor s degree looking at bloo
153,CA_201720180AB2281,47,EXPERT_TESTIMONY,LEGISLATOR_DISCUSSION,Witness/technical response is embedded in legislator Q&A; do not intersperse EXPERT_TESTIMONY with legislator discussion.,yes i just want to go ahead as to like to aborh typing yes you put the sample on the machine but sometimes the machine tells you question mark i don t know what this is so it s of judgement of the cls to determine yes this is negative no this is not negative i
155,CA_201720180AB2281,49,EXPERT_TESTIMONY,LEGISLATOR_DISCUSSION,Witness/technical response is embedded in legislator Q&A; do not intersperse EXPERT_TESTIMONY with legislator discussion.,one clarification so blood banking in cli is one of the unusual disciplines and the fda has looked at the automated analyzers and if you look on the fda website it says moderately complex it has a little asterisk the asterisk was put there in 1992 and says if 
170,CA_201720180AB2281,64,LEGISLATOR_DISCUSSION,OTHER,"Post-vote transition to another file item, not current bill discussion.",4 to 1 that bill fails and without objection reconsideration is granted on item number 10 we ll now move to item number 11 ab 2799
172,CA_201720180AB2447,1,LEGISLATOR_DISCUSSION,EXPERT_TESTIMONY,"Chair introduces the two invited witnesses; this belongs to the expert-testimony setup, not legislator discussion.",thank you assemblywoman reyes you have two witnesses two minutes each who would like to go first
177,CA_201720180AB2447,6,EXPERT_TESTIMONY,PUBLIC_COMMENTS,Occurs in the open support/opposition comment stream; label as PUBLIC_COMMENTS rather than EXPERT_TESTIMONY.,eddie moreno on behalf of sierra club california in support
179,CA_201720180AB2447,8,EXPERT_TESTIMONY,PUBLIC_COMMENTS,Occurs in the open support/opposition comment stream; label as PUBLIC_COMMENTS rather than EXPERT_TESTIMONY.,justin malan for the natural resources defense council in support
181,CA_201720180AB2447,10,EXPERT_TESTIMONY,PUBLIC_COMMENTS,Occurs in the open support/opposition comment stream; label as PUBLIC_COMMENTS rather than EXPERT_TESTIMONY.,matthew baker planning and conservation league again we have not taken an official position on this bill but we have been in close contact with the proponents to discuss potential technical amendments but we do strongly support the intent of this bill we hope 
182,CA_201720180AB2447,11,EXPERT_TESTIMONY,PUBLIC_COMMENTS,Occurs in the open support/opposition comment stream; label as PUBLIC_COMMENTS rather than EXPERT_TESTIMONY.,my name is francisco mendes i live in fresno california and i come here to support this bill because my community is already have so many industries who pollute our neighborhoods all over california and i like to get to know about if any other ahead of time is
184,CA_201720180AB2447,13,EXPERT_TESTIMONY,PUBLIC_COMMENTS,Occurs in the open support/opposition comment stream; label as PUBLIC_COMMENTS rather than EXPERT_TESTIMONY.,hi my name is anabel marcus and i come to the kern county ciudad de shafter city of shafter and i talked to my community because
185,CA_201720180AB2447,14,LEGISLATOR_DISCUSSION,PUBLIC_COMMENTS,Procedural prompting during the public-comment stream; keep with PUBLIC_COMMENTS rather than legislator discussion.,ma am it s just at this point it s name organization and whether or not you support or oppose the bill
186,CA_201720180AB2447,15,EXPERT_TESTIMONY,PUBLIC_COMMENTS,Occurs in the open support/opposition comment stream; label as PUBLIC_COMMENTS rather than EXPERT_TESTIMONY.,okay i support the
187,CA_201720180AB2447,16,LEGISLATOR_DISCUSSION,PUBLIC_COMMENTS,Procedural prompting during the public-comment stream; keep with PUBLIC_COMMENTS rather than legislator discussion.,sorry you re in support though right
188,CA_201720180AB2447,17,EXPERT_TESTIMONY,PUBLIC_COMMENTS,Occurs in the open support/opposition comment stream; label as PUBLIC_COMMENTS rather than EXPERT_TESTIMONY.,yes thank you so much
190,CA_201720180AB2447,19,EXPERT_TESTIMONY,PUBLIC_COMMENTS,Occurs in the open support/opposition comment stream; label as PUBLIC_COMMENTS rather than EXPERT_TESTIMONY.,my name is esperanza castelan i m here to represent crpe i m from shafter and i support this bill thank you
192,CA_201720180AB2447,21,EXPERT_TESTIMONY,PUBLIC_COMMENTS,Occurs in the open support/opposition comment stream; label as PUBLIC_COMMENTS rather than EXPERT_TESTIMONY.,mi nombre es felipa trujillo y yo vengo de la comunidad de shafter y si me estoy muy de acuerdo que es de la comunidad entereda de la proposicion apoyan a la proposicion 2447 gracias
196,CA_201720180AB2447,25,LEGISLATOR_DISCUSSION,PUBLIC_COMMENTS,Procedural prompting during the public-comment stream; keep with PUBLIC_COMMENTS rather than legislator discussion.,gracias
197,CA_201720180AB2447,26,LEGISLATOR_DISCUSSION,PUBLIC_COMMENTS,Procedural prompting during the public-comment stream; keep with PUBLIC_COMMENTS rather than legislator discussion.,name and organization only please
198,CA_201720180AB2447,27,EXPERT_TESTIMONY,PUBLIC_COMMENTS,Occurs in the open support/opposition comment stream; label as PUBLIC_COMMENTS rather than EXPERT_TESTIMONY.,buenas tardes mi nombre es estela escoto vengo de la comunidad de alvin y estoy aqui para apoyar a la propuesta 2447 gracias
200,CA_201720180AB2447,29,EXPERT_TESTIMONY,PUBLIC_COMMENTS,Occurs in the open support/opposition comment stream; label as PUBLIC_COMMENTS rather than EXPERT_TESTIMONY.,vengo de crpe
202,CA_201720180AB2447,31,EXPERT_TESTIMONY,PUBLIC_COMMENTS,Occurs in the open support/opposition comment stream; label as PUBLIC_COMMENTS rather than EXPERT_TESTIMONY.,mi nombre es refugio valencia y yo soy un residente de la comunidad de en bakersfield california el condado de kern yo tambien apoyo a la propuesta 2447 igual que crpe
203,CA_201720180AB2447,32,EXPERT_TESTIMONY,PUBLIC_COMMENTS,Occurs in the open support/opposition comment stream; label as PUBLIC_COMMENTS rather than EXPERT_TESTIMONY.,renee williams national housing law project in support
205,CA_201720180AB2447,34,EXPERT_TESTIMONY,PUBLIC_COMMENTS,Occurs in the open support/opposition comment stream; label as PUBLIC_COMMENTS rather than EXPERT_TESTIMONY.,adam regele here on behalf of cal chamber we re still in opposition to this bill but i wanted to begin by thanking assemblymember reyes and her staff they ve come to the table and worked with us diligently this bill is certainly moving in the right direction w
207,CA_201720180AB2447,36,EXPERT_TESTIMONY,PUBLIC_COMMENTS,Occurs in the open support/opposition comment stream; label as PUBLIC_COMMENTS rather than EXPERT_TESTIMONY.,good afternoon mr chair ms vice chair and members cassie gilson on behalf of the california building industry association i too want to thank the author and her staff for their early outreach and very thorough engagement we re working with them on amendments c
209,CA_201720180AB2447,38,EXPERT_TESTIMONY,PUBLIC_COMMENTS,Occurs in the open support/opposition comment stream; label as PUBLIC_COMMENTS rather than EXPERT_TESTIMONY.,this will be even quicker than that i m yeli gavric with the california association of realtors and i wanted to thank assemblymember reyes for taking into consideration our concerns and removing the provision that would have created housing as perhaps a subjec
223,CA_201720180AB2447,52,VOTE,LEGISLATOR_DISCUSSION,Motion/commentary precedes the author close and additional committee discussion; voting has not begun.,thank you assemblyman brough anyone else quiet on that side of the house okay so do we have a motion and a second yet okay we have a motion and a second i have some comments and then mr chairman do you want to close it out so i think
224,CA_201720180AB2447,53,LEGISLATOR_DISCUSSION,CLOSING_REMARKS,Author/chair closing exchange before roll call.,she closes first
225,CA_201720180AB2447,54,LEGISLATOR_DISCUSSION,CLOSING_REMARKS,Author/chair closing exchange before roll call.,well i meant with your closing it up here i want to commend you on taking the steps necessary to remove some of the opposition i think that is a testament to your sticking to your word it appears that the housing side is happy that they re no longer in the but
226,CA_201720180AB2447,55,LEGISLATOR_DISCUSSION,CLOSING_REMARKS,Author/chair closing exchange before roll call.,well i sure appreciate the opportunity and i did say we would take out the discrimination and we took care of that and it s no longer on the job killer list as a result of that
227,CA_201720180AB2447,56,LEGISLATOR_DISCUSSION,CLOSING_REMARKS,Author/chair closing exchange before roll call.,i told you housing was not included we took that out and we re no longer on the housing killer list this is a really important bill for communities suffer the most because they suffer disproportionately because of where they are because of their place their zi
228,CA_201720180AB2447,57,LEGISLATOR_DISCUSSION,CLOSING_REMARKS,Author/chair closing exchange before roll call.,and it s those communities that should have notice they should have that opportunity it shouldn t be that they opt in and they say please send us notice then they will be given further notice they should receive the letter saying we want your input and this is
242,CA_201720180AB2540,3,LEGISLATOR_DISCUSSION,INTRO,"Brief go-ahead before the bill presentation, not legislator discussion.",yeah go for it
244,CA_201720180AB2540,5,LEGISLATOR_DISCUSSION,EXPERT_TESTIMONY,Chair introduces named witness before testimony; part of expert-testimony setup.,great thank you welcome mr ronco
263,CA_201720180AB2601,1,LEGISLATOR_DISCUSSION,EXPERT_TESTIMONY,Chair introduces the two-witness testimony block.,you may proceed two witnesses two minutes unless you d like to split the time up
281,CA_201720180AB2601,19,LEGISLATOR_DISCUSSION,OTHER,"Post-vote transition/banter before the next item, not current bill discussion.",all right there s a new sheriff in town exactly that s right all right mr o donnell please proceed mindful of the very stringent two witnesses two minutes
283,CA_201720180AB2859,1,INTRO,PRESENTATION,Author begins presenting the bill; quorum pause interrupts but does not make this intro.,thank you very much chairman low and members i m pleased to present 2059 which would increase the availability of safe storage devices in pharmacies so as to secure dangerous addictive medications at home and i brought some examples of what we re talking about
286,CA_201720180AB2859,4,OTHER,PRESENTATION,Chair returns floor to author to continue presentation.,thank you so very much for your patience please continue
287,CA_201720180AB2859,5,LEGISLATOR_DISCUSSION,PRESENTATION,Author continues presentation and accepts amendments.,you re welcome let me start off by saying that i m glad to take the committee amendments regarding the sunset date and broadening the definition of safe
288,CA_201720180AB2859,6,EXPERT_TESTIMONY,PRESENTATION,"Motion interjection occurs during presentation setup, not expert testimony.",move the bill
292,CA_201720180AB2859,10,LEGISLATOR_DISCUSSION,PUBLIC_COMMENTS,Chair opens additional support witnesses/name-affiliation portion.,thank you very much any additional witnesses wishing to speak in support name and affiliation if you wish to do so
293,CA_201720180AB2859,11,EXPERT_TESTIMONY,PUBLIC_COMMENTS,Name/affiliation support statements in public-comment stream.,yeah john wenger actually pinch hitting for a couple of people that couldn t be here so i m voicing my support for the california coalition for children s safety and health as well as core medical clinic
294,CA_201720180AB2859,12,EXPERT_TESTIMONY,PUBLIC_COMMENTS,Name/affiliation support statements in public-comment stream.,kim box with gatekeeper innovation in support
295,CA_201720180AB2859,13,EXPERT_TESTIMONY,PUBLIC_COMMENTS,Name/affiliation support statements in public-comment stream.,rand martin on behalf of the aids healthcare foundation in support
297,CA_201720180AB2859,15,PRESENTATION,LEGISLATOR_DISCUSSION,"Committee member question/comment after public comments, not presentation.",thank you i m struggling a little bit with this bill because i want to make sure there s a flexibility there are many other items that we would want secure away from the kids in the household like cleaning products and other points we don t always force a reta
307,CA_201720180AB2859,25,LEGISLATOR_DISCUSSION,CLOSING_REMARKS,Chair closing comment immediately before motion/roll.,thank you very much assemblywoman caballero i appreciate working with you and your office as well on the language to address some of the balancing approaches to it and then also respecting the legislative intent and desire so i appreciate the robust conversati
311,CA_201720180AB2859,29,LEGISLATOR_DISCUSSION,VOTE,Roll held open for absent members; voting administration.,we ll leave the roll open for absent members thank you very much
314,CA_201720180AB3033,0,VOTE,PRESENTATION,Current-bill motion/setup precedes author presentation; not actual vote yet.,thank you i have a motion by assemblymember stone seconded by assemblymember reyes
323,CA_201720180AB3033,9,LEGISLATOR_DISCUSSION,OTHER,Post-vote transition to a different bill/file item; fallback OTHER for non-current-bill content.,yes actually can we start with 2326 please i have two bills can we start with 2326 please
324,CA_201720180AB3033,10,LEGISLATOR_DISCUSSION,OTHER,Post-vote transition to a different bill/file item; fallback OTHER for non-current-bill content.,yeah go ahead the first one 2183
325,CA_201720180AB3033,11,LEGISLATOR_DISCUSSION,OTHER,Post-vote transition to a different bill/file item; fallback OTHER for non-current-bill content.,my witnesses are here for 2326
327,CA_201720180AB3033,13,LEGISLATOR_DISCUSSION,OTHER,Post-vote transition to a different bill/file item; fallback OTHER for non-current-bill content.,yes thank you thank you good afternoon members today i m presenting ab 2326 which allows parents or
338,CA_201720180AB546,5,LEGISLATOR_DISCUSSION,PUBLIC_COMMENTS,Chair opens additional support comments after expert testimony.,thank you very much is there anyone else in support of the bill welcome
339,CA_201720180AB546,6,EXPERT_TESTIMONY,PUBLIC_COMMENTS,Additional support statement after public comments opened.,hello my name is noemi gallardo i m with sunrun we re the largest dedicated home solar installer in the us we have 4 000 employees nationwide 2 000 of those in california and we re currently rolling out storage so we strongly urge support on this bill thank yo
340,CA_201720180AB546,7,VOTE,LEGISLATOR_DISCUSSION,Procedural motion/questioning before later committee comments; voting has not begun.,thank you very much anyone else seeing none are there anyone in opposition seeing none we will take a motion once we get a quorum and we ll vote on that point excuse me are there any questions from the committee i am so sorry
341,CA_201720180AB546,8,EXPERT_TESTIMONY,LEGISLATOR_DISCUSSION,"Committee/support discussion after public comments, not expert testimony.",thank you madam chair i m supportive of any tool that we can use to streamline the permitting process especially in local government make it easier for the government itself and the citizens and the businesses in san diego county where i m from we have created
345,CA_201720180AB546,12,LEGISLATOR_DISCUSSION,OTHER,Transition to another bill after this item.,thank you so now we will take up ab 73 item one when you re ready
351,CA_201720180SB1113,5,LEGISLATOR_DISCUSSION,PUBLIC_COMMENTS,Chair opens additional support comments after expert testimony.,anyone else in support
352,CA_201720180SB1113,6,EXPERT_TESTIMONY,PUBLIC_COMMENTS,Name/affiliation support statements in public-comment stream.,good afternoon angelica gonzalez with kaiser permanente in support
353,CA_201720180SB1113,7,EXPERT_TESTIMONY,PUBLIC_COMMENTS,Name/affiliation support statements in public-comment stream.,amy durbin with the california medical association also in support
364,CA_201720180SB36,5,LEGISLATOR_DISCUSSION,EXPERT_TESTIMONY,Microphone prompt occurs within the same witness testimony block.,could you get close to the microphone to make sure that you re on the record
366,CA_201720180SB36,7,OTHER,PUBLIC_COMMENTS,Chair opens additional support comments.,thank you thank you anyone else in support
367,CA_201720180SB36,8,EXPERT_TESTIMONY,PUBLIC_COMMENTS,Additional support-position statement after public comments opened.,mr chair and members ed howard senior counsel at the center for public interest law at the university of san diego school of law with the amendments proposed in the analysis we would be pleased to go to full support not just support if amended and simply with 
368,CA_201720180SB36,9,LEGISLATOR_DISCUSSION,PUBLIC_COMMENTS,Chair closes support/open opposition portion; public-comment transition.,thank you anyone else in support all right seeing none is there opposition
371,CA_201720180SB695,2,VOTE,EXPERT_TESTIMONY,"Motion plus invitation to witness occurs before the witness testimony, not vote.",there s been a motion by assembly member gipson a second by assembly member medina please feel free to present whenever you re ready
377,CA_201720180SB695,8,LEGISLATOR_DISCUSSION,VOTE,Vote count/roll-left-open administration.,that bill has eight votes and we ll leave the roll open for absent members
379,CA_201720180SB695,10,LEGISLATOR_DISCUSSION,OTHER,"Post-vote transition to another senator/item, not current bill discussion.",thank you very much senator lara now back to senator hill and senator hill what is your pleasure on
380,CA_201720180SB695,11,LEGISLATOR_DISCUSSION,OTHER,"Post-vote transition to another senator/item, not current bill discussion.",whatever your pleasure is mr chair
381,CA_201720180SCA22,0,INTRO,PRESENTATION,Item setup/author presentation and related banter before witnesses; required before discussion/comments.,we re moving to item number 20 which is a constitutional amendment 22 senator allen this is in regards to school districts and parcel taxes we welcome the good senator the chair of education to the committee the floor is yours sir
382,CA_201720180SCA22,1,INTRO,PRESENTATION,Item setup/author presentation and related banter before witnesses; required before discussion/comments.,members many of you know that i came to this position having served for two terms on school board in my hometown of santa monica and i was elected in 2008 and literally i think that i was on the ballot for the november election and in october the stock market 
383,CA_201720180SCA22,2,INTRO,PRESENTATION,Item setup/author presentation and related banter before witnesses; required before discussion/comments.,thank you so much senator and i know that senator moorlach is very excited to vote for the bill today so
384,CA_201720180SCA22,3,INTRO,PRESENTATION,Item setup/author presentation and related banter before witnesses; required before discussion/comments.,moorlach there we go senator moorlach is a strong local control supporter
385,CA_201720180SCA22,4,INTRO,PRESENTATION,Item setup/author presentation and related banter before witnesses; required before discussion/comments.,and i just got the stink eye from senator moorlach right there hey see there we go
386,CA_201720180SCA22,5,LEGISLATOR_DISCUSSION,PRESENTATION,Item setup/author presentation and related banter before witnesses; required before discussion/comments.,do you want me to make the motion
387,CA_201720180SCA22,6,PUBLIC_COMMENTS,EXPERT_TESTIMONY,Initial substantive support witness block before public-comment stream.,why don t we go to those who are in support please if you want to come forward just state your first and last
389,CA_201720180SCA22,8,OTHER,EXPERT_TESTIMONY,Initial substantive support witness block before public-comment stream.,thank you so much sir welcome back
391,CA_201720180SCA22,10,OTHER,EXPERT_TESTIMONY,Initial substantive support witness block before public-comment stream.,thank you very much good morning
400,CA_201720180SCA22,19,EXPERT_TESTIMONY,PUBLIC_COMMENTS,Later support/opposition/tweener statements occur after the public-comment stream has opened.,good morning mr chairman and members dominic dimare here on behalf of the california charter schools association not exactly in support we want to support we kind of consider ourselves tweeners at this point we ve been working with the author to figure out how
402,CA_201720180SCA22,21,EXPERT_TESTIMONY,PUBLIC_COMMENTS,Later support/opposition/tweener statements occur after the public-comment stream has opened.,mr chairman and members thank you david wolfe with the howard jarvis taxpayers association in opposition to sca 22 members let me just start out by saying i think the committee analysis hits it well there is and should be a two thirds threshold there is in the
403,CA_201720180SCA22,22,LEGISLATOR_DISCUSSION,PUBLIC_COMMENTS,Chair transition within public-comment/opposition stream.,thank you so much mr wolfe good morning it s good to see you
404,CA_201720180SCA22,23,EXPERT_TESTIMONY,PUBLIC_COMMENTS,Later support/opposition/tweener statements occur after the public-comment stream has opened.,good morning teresa may representing the california taxpayers association and while we appreciate the intent of the bill we note that this bill would increase housing costs the legislature has made affordable housing a forefront of discussion over the last cou
416,CA_201720180SCA22,35,VOTE,CLOSING_REMARKS,Motion setup before author closing; voting section has not begun.,thank you so much any other questions or comments we also would welcome a motion on the floor hey awkward silence all right thank you so much senator beall this motion is b dopted to senate elections and constitutional amendments senator allen would you like t
417,CA_201720180SCA22,36,LEGISLATOR_DISCUSSION,CLOSING_REMARKS,Author closing remarks before roll call.,i appreciate the thoughtful discussion of everyone involved and really do look forward to working with everyone as this moves along and i also just want to thank those who spoke out both in opposition and the tweeners in support i think there s a path here and
424,CA_20172018BUD2740,1,EXPERT_TESTIMONY,INTRO,Greeting/acknowledgment before the budget issue is introduced.,good to be here
425,CA_20172018BUD2740,2,LEGISLATOR_DISCUSSION,PRESENTATION,Chair introduces budget issue one; serves as presentation boundary.,issue number one
430,CA_20172018BUD2740,7,EXPERT_TESTIMONY,OTHER,Content moves to another budget issue after a vote; treat as outside the current labeled section sequence.,the second item on the agenda today is a follow up to the issue that was heard by this committee back on march 23rd and the concerns raised by the chair and members of the committee at that last hearing relative to the perimeter fencing and we do appreciate th
432,CA_20172018BUD2740,9,EXPERT_TESTIMONY,OTHER,Content moves to another budget issue after a vote; treat as outside the current labeled section sequence.,yeah randy katz of finance we would just note that the governor s proposal that the perimeter fence is even though we do appreciate the negotiations going on that that proposal would still be the most cost effective way to defer threats to the employees and st
433,CA_20172018BUD2740,10,LEGISLATOR_DISCUSSION,OTHER,Content moves to another budget issue after a vote; treat as outside the current labeled section sequence.,yeah if this is an oversight hearing on the department of prisons i would be more inclined to do that i ve said it publicly that our public buildings including the one that we re in right now should be open to the public and we ve got to do a holistic look wit
434,CA_20172018BUD2740,11,VOTE,OTHER,Content moves to another budget issue after a vote; treat as outside the current labeled section sequence.,senator wieckowski aye senator mcguire senator mendoza aye
435,CA_20172018BUD2740,12,LEGISLATOR_DISCUSSION,OTHER,Content moves to another budget issue after a vote; treat as outside the current labeled section sequence.,we ll keep the roll open for the absent members and thank you very much let s bring up the energy commission we have two matters the first issue is the implementation of sb 350
439,CA_20172018BUD3940,3,EXPERT_TESTIMONY,LEGISLATOR_DISCUSSION,Expert/agency responses are embedded in committee Q&A; avoid interspersing EXPERT_TESTIMONY with legislator discussion.,yeah just to highlight it for you so this is actually an update from an april finance letter that was submitted that authorized the departments to receive and spend i think it was 2 1 million in private donations should they materialize and didn t provide any 
441,CA_20172018BUD3940,5,EXPERT_TESTIMONY,LEGISLATOR_DISCUSSION,Expert/agency responses are embedded in committee Q&A; avoid interspersing EXPERT_TESTIMONY with legislator discussion.,thank you mr chair
443,CA_20172018BUD3940,7,EXPERT_TESTIMONY,LEGISLATOR_DISCUSSION,Expert/agency responses are embedded in committee Q&A; avoid interspersing EXPERT_TESTIMONY with legislator discussion.,we re all charitable
445,CA_20172018BUD3940,9,EXPERT_TESTIMONY,LEGISLATOR_DISCUSSION,Expert/agency responses are embedded in committee Q&A; avoid interspersing EXPERT_TESTIMONY with legislator discussion.,it s a work in progress we do anticipate donations coming in the future applicable to the april proposal allocating the watered down administration fund authority to take in all the funding going forward this is to help everything get started at this point the
447,CA_20172018BUD3940,11,EXPERT_TESTIMONY,LEGISLATOR_DISCUSSION,Expert/agency responses are embedded in committee Q&A; avoid interspersing EXPERT_TESTIMONY with legislator discussion.,i just wanted to add that part of the funding for this first year would be used to hold donor meetings and conferences to advocate other non state funds to help advance this project as outlined in the bill
450,CA_20172018BUD3940,14,EXPERT_TESTIMONY,LEGISLATOR_DISCUSSION,Expert/agency responses are embedded in committee Q&A; avoid interspersing EXPERT_TESTIMONY with legislator discussion.,no no meetings to meet with potential donors
452,CA_20172018BUD3940,16,EXPERT_TESTIMONY,LEGISLATOR_DISCUSSION,Expert/agency responses are embedded in committee Q&A; avoid interspersing EXPERT_TESTIMONY with legislator discussion.,mr chair is this action going to take into account the april as well all in one i just wanted to clarify that
455,CA_20172018BUD3940,19,LEGISLATOR_DISCUSSION,OTHER,Post-vote transition to another department/issue.,okay department of parks and recreation let s talk about improving state and local parks
456,CA_20172018BUD6980,0,INTRO,PRESENTATION,Chair introduces the budget panel/current topic.,we are going to move on to panel number two university of california california state university and the california student aid commission let s do it at the end since we re not voting on any i should have made that announcement since we re not voting on anyth
457,CA_20172018BUD6980,1,INTRO,EXPERT_TESTIMONY,Finance representative begins initial agency testimony for the panel.,yes good afternoon jack zwald department of finance thank you mr chair for your reference i d like to distribute a list of significant adjustments that were made to the governor s january proposal we won t be reviewing all of them but we ll be happy to answer 
458,CA_20172018BUD6980,2,INTRO,EXPERT_TESTIMONY,Chair prompt within the initial agency testimony block.,go ahead
459,CA_20172018BUD6980,3,INTRO,LEGISLATOR_DISCUSSION,Budget panel Q&A/agency response after discussion begins; avoid interspersed expert testimony.,thank you so i guess what i hear you saying is that the university has not responded promptly or effectively in getting that information back to you on i guess creating best practices that are being recommended is that you started off sort of chiding them for 
460,CA_20172018BUD6980,4,INTRO,LEGISLATOR_DISCUSSION,Budget panel Q&A/agency response after discussion begins; avoid interspersed expert testimony.,and chris osmena with finance and i hope we have started off by recognizing them for meeting most of the agreements so i think what we say in the may revision is that there were a set of commitments in four areas that are listed in the handout that we provided
461,CA_20172018BUD6980,5,INTRO,LEGISLATOR_DISCUSSION,Budget panel Q&A/agency response after discussion begins; avoid interspersed expert testimony.,okay so i recognize that there s the state audit i recognize that there s concerns about the office of the president meeting its commitments i d like to ask you though in terms of the increase in the cost that the university has proposed what 2 3 did you say i
462,CA_20172018BUD6980,6,INTRO,LEGISLATOR_DISCUSSION,Budget panel Q&A/agency response after discussion begins; avoid interspersed expert testimony.,we re making one adjustment in this budget we re saying that the universities are both benefiting from increased cal grant spending related to their tuition increases and so a portion of their budget is being redirected to help make a similar adjustment to the
463,CA_20172018BUD6980,7,INTRO,LEGISLATOR_DISCUSSION,Budget panel Q&A/agency response after discussion begins; avoid interspersed expert testimony.,okay and so the next question i have is have they explained the reasons for the increase we talked about the pressures that are being put on the community colleges and on increasing lcff because the pressure s there and pensions and higher cost for healthcare 
464,CA_20172018BUD6980,8,EXPERT_TESTIMONY,LEGISLATOR_DISCUSSION,Budget panel Q&A/agency response after discussion begins; avoid interspersed expert testimony.,i think we certain accept that there are pressures being placed on the university
466,CA_20172018BUD6980,10,EXPERT_TESTIMONY,LEGISLATOR_DISCUSSION,Budget panel Q&A/agency response after discussion begins; avoid interspersed expert testimony.,so i think our response is to avoid being volatile i don t think we wanted to be punitive in the same way but i think you heard it when the governor released his budget when asked about his concerns he raised concerns about high salary so i think there are cer
468,CA_20172018BUD6980,12,EXPERT_TESTIMONY,LEGISLATOR_DISCUSSION,Budget panel Q&A/agency response after discussion begins; avoid interspersed expert testimony.,yes so if you meet those and you meet the final two components of the agreement between the president and the governor the funds would be released
470,CA_20172018BUD6980,14,EXPERT_TESTIMONY,LEGISLATOR_DISCUSSION,Budget panel Q&A/agency response after discussion begins; avoid interspersed expert testimony.,two years ago so this is saying so we have essentially three commitments two of them are commitments to the president made to the governor one of them is the set of recommendations from the auditor if you meet those the funds would be released
472,CA_20172018BUD6980,16,EXPERT_TESTIMONY,LEGISLATOR_DISCUSSION,Budget panel Q&A/agency response after discussion begins; avoid interspersed expert testimony.,so if you turn to the final page of the handout that we provided there should be listed on there too it s the second bullet achieve a ratio of at least one transfer student for every two new freshman and then under the improve operations and instruction that f
474,CA_20172018BUD6980,18,EXPERT_TESTIMONY,LEGISLATOR_DISCUSSION,Budget panel Q&A/agency response after discussion begins; avoid interspersed expert testimony.,so the first one
475,CA_20172018BUD6980,19,OTHER,LEGISLATOR_DISCUSSION,Budget panel Q&A/agency response after discussion begins; avoid interspersed expert testimony.,no i get the first one
476,CA_20172018BUD6980,20,EXPERT_TESTIMONY,LEGISLATOR_DISCUSSION,Budget panel Q&A/agency response after discussion begins; avoid interspersed expert testimony.,activity based costing so i think that we talked at the last hearing about the difficulty in figuring out what it takes to how much the university spends on educating undergraduate students and one of the problems we noted when the governor and the president f
478,CA_20172018BUD6980,22,EXPERT_TESTIMONY,LEGISLATOR_DISCUSSION,Budget panel Q&A/agency response after discussion begins; avoid interspersed expert testimony.,the office of the president has chosen davis and merced to do those pilots
480,CA_20172018BUD6980,24,EXPERT_TESTIMONY,LEGISLATOR_DISCUSSION,Budget panel Q&A/agency response after discussion begins; avoid interspersed expert testimony.,we haven t opined so i think the agreement left it to the office of the president to make that decision and they ve i think for a variety of reasons chose those campuses
482,CA_20172018BUD6980,26,EXPERT_TESTIMONY,LEGISLATOR_DISCUSSION,Budget panel Q&A/agency response after discussion begins; avoid interspersed expert testimony.,i don t think it has to i don t think they re incompatible ideas that one of the questions that this type of analysis helps to answer is is this course when it s offered online does it cost something different than what it costs when it s offered in person and
484,CA_20172018BUD6980,28,EXPERT_TESTIMONY,LEGISLATOR_DISCUSSION,Budget panel Q&A/agency response after discussion begins; avoid interspersed expert testimony.,i think this it is very modern most of the examples are not in the united states and i think the fact that it is modern is one of the reasons it s exciting to us i think the fact that it s modern is one of the reasons why it s taken longer to accomplish this t
488,CA_20172018BUD6980,32,EXPERT_TESTIMONY,LEGISLATOR_DISCUSSION,Budget panel Q&A/agency response after discussion begins; avoid interspersed expert testimony.,no change
492,CA_20172018BUD6980,36,OTHER,LEGISLATOR_DISCUSSION,Budget panel Q&A/agency response after discussion begins; avoid interspersed expert testimony.,no just
493,CA_20172018BUD6980,37,EXPERT_TESTIMONY,LEGISLATOR_DISCUSSION,Budget panel Q&A/agency response after discussion begins; avoid interspersed expert testimony.,you can and we can provide that i would say in terms of the uc and csu budgets the numbers are relatively easy and we re taking the governor s proposal and essentially from both looking at general fund budgets subtracting 4 million from what we had proposed in
494,CA_20172018BUD6980,38,OTHER,LEGISLATOR_DISCUSSION,Budget panel Q&A/agency response after discussion begins; avoid interspersed expert testimony.,all right we will go on to the lao
495,CA_20172018BUD6980,39,EXPERT_TESTIMONY,LEGISLATOR_DISCUSSION,Budget panel Q&A/agency response after discussion begins; avoid interspersed expert testimony.,thank you mr chair paul steenhausen with the analyst office i ll be speaking from the lao report that you saw earlier so i ll discuss uc and csu and then the student aid commission and financial aid and we ll touch on various issues at a fairly high level and 
496,CA_20172018BUD6980,40,OTHER,LEGISLATOR_DISCUSSION,Budget panel Q&A/agency response after discussion begins; avoid interspersed expert testimony.,all right any questions
498,CA_20172018BUD6980,42,EXPERT_TESTIMONY,LEGISLATOR_DISCUSSION,Budget panel Q&A/agency response after discussion begins; avoid interspersed expert testimony.,that s correct
500,CA_20172018BUD6980,44,EXPERT_TESTIMONY,LEGISLATOR_DISCUSSION,Budget panel Q&A/agency response after discussion begins; avoid interspersed expert testimony.,yes that s right and really again to reject without prejudice there might be some merit to the proposal but it s an awful lot to consider in such a short amount of time staff just received a proposed trailer bill language so we re still looking through that yo
504,CA_20172018BUD6980,48,EXPERT_TESTIMONY,LEGISLATOR_DISCUSSION,Budget panel Q&A/agency response after discussion begins; avoid interspersed expert testimony.,thank you mike very much senator jackson and senator moorlach kieran flaherty from the university of california and state budget relations the university was disappointed by the may revision in a couple respects one of the areas that we are not particularly co
506,CA_20172018BUD6980,50,EXPERT_TESTIMONY,LEGISLATOR_DISCUSSION,Budget panel Q&A/agency response after discussion begins; avoid interspersed expert testimony.,speaking for myself senator i would say yes
510,CA_20172018BUD6980,54,EXPERT_TESTIMONY,LEGISLATOR_DISCUSSION,Budget panel Q&A/agency response after discussion begins; avoid interspersed expert testimony.,thank you mr chair senators my name is ryan storm i represent the csu wanted to talk real briefly from a high level perspective from a vantage point of the csu i think portraying a system that is being consistent with its approach to this year s budget and som
512,CA_20172018BUD6980,56,EXPERT_TESTIMONY,LEGISLATOR_DISCUSSION,Budget panel Q&A/agency response after discussion begins; avoid interspersed expert testimony.,it could be a 325 million request to the state
514,CA_20172018BUD6980,58,EXPERT_TESTIMONY,LEGISLATOR_DISCUSSION,Budget panel Q&A/agency response after discussion begins; avoid interspersed expert testimony.,153 at this point if you look at the governor s proposal
516,CA_20172018BUD6980,60,EXPERT_TESTIMONY,LEGISLATOR_DISCUSSION,Budget panel Q&A/agency response after discussion begins; avoid interspersed expert testimony.,172
518,CA_20172018BUD6980,62,EXPERT_TESTIMONY,LEGISLATOR_DISCUSSION,Budget panel Q&A/agency response after discussion begins; avoid interspersed expert testimony.,sure i d be glad to this is something this committee discussed just a couple weeks ago the priority of access the state provide access to students coming out of high school especially students who have completed their lower division course work at community co
522,CA_20172018BUD6980,66,EXPERT_TESTIMONY,LEGISLATOR_DISCUSSION,Budget panel Q&A/agency response after discussion begins; avoid interspersed expert testimony.,thank you sir i appreciate it no i just wanted to just respond real quickly the lao is correct in saying that there are lots of ways in which we can move the needle in terms of remediation and course sections that are taken and we have done that actually we ve
524,CA_20172018BUD6980,68,EXPERT_TESTIMONY,LEGISLATOR_DISCUSSION,Budget panel Q&A/agency response after discussion begins; avoid interspersed expert testimony.,just to add that i think it s a fundamental difference between this gets to your point senator jackson about how much flexibility does the legislature does the state gives the segments uc and csu in the decisions it makes and we our view is that the legislatur
528,CA_20172018BUD6980,72,OTHER,LEGISLATOR_DISCUSSION,Budget panel Q&A/agency response after discussion begins; avoid interspersed expert testimony.,please
529,CA_20172018BUD6980,73,OTHER,LEGISLATOR_DISCUSSION,Budget panel Q&A/agency response after discussion begins; avoid interspersed expert testimony.,yes go ahead
533,CA_20172018BUD6980,77,EXPERT_TESTIMONY,LEGISLATOR_DISCUSSION,Budget panel Q&A/agency response after discussion begins; avoid interspersed expert testimony.,just real briefly when you brought that up last hearing with uc i was taking notes on that and clearly the financial position of this issue is really affected by what we had discussed which was the gasb 68 or 69 which was shifting of that liability from the ca
535,CA_20172018BUD6980,79,EXPERT_TESTIMONY,LEGISLATOR_DISCUSSION,Budget panel Q&A/agency response after discussion begins; avoid interspersed expert testimony.,we re at all time highs but we re not that high
538,CA_20172018BUD6980,82,EXPERT_TESTIMONY,LEGISLATOR_DISCUSSION,Budget panel Q&A/agency response after discussion begins; avoid interspersed expert testimony.,yes sir thank you chair and members david o brian with the california student aid commission i ll try to be brief in the interest of time we want to start by thanking the governor the administration for their continued support of the cal grant program as other
540,CA_20172018BUD6980,84,EXPERT_TESTIMONY,PUBLIC_COMMENTS,Stakeholder statement after the chair opens the public-comment portion; not renewed expert testimony.,chairman portantino patrick mccallum representing the los angeles los rios san diego san francisco peralta corrine community college districts we have my clients have sponsored some legislation over in the assembly ab 19 which would help address those 1 millio
541,CA_20172018BUD6980,85,OTHER,PUBLIC_COMMENTS,Chair acknowledgment inside public-comment stream.,thank you
