hid, unidentified_speaker_count
255333, 1
54259, 1
54297, 1
255625, 1
255444, 1
255444, 1
255482, 1
54141, 1
255318, 1
254512, 1
54007, 1
255467, 1
255467, 1
254694, 1
255334, 1
255381, 1
255498, 1
53037, 1
254740, 1
255096, 1
255380, 1
255380, 1
254554, 1
255389, 1
52383, 1
54079, 1
255382, 1
253088, 1
253088, 1
255377, 1
255443, 1
255150, 1
255150, 1
255332, 1
52080, 1
52658, 1
254480, 1
255067, 1
253548, 1
254724, 1
254991, 1
254991, 1
255048, 1
254988, 1
52280, 1
52544, 1
254898, 1
255020, 1
255020, 1
254605, 1
254605, 1
255738, 1
52760, 1
53032, 1
53032, 1
53032, 1
53987, 1
53987, 1
80757, 1
255315, 1
255315, 1
255315, 1
255469, 1
255469, 1
255560, 1
255560, 1
255633, 2
52121, 1
52121, 1
52277, 1
52376, 1
52467, 1
52467, 1
52467, 1
52891, 1
53951, 1
53951, 1
53951, 1
53951, 1
53951, 1
53951, 1
54125, 1
54125, 1
54125, 1
54125, 1
54125, 1
54330, 1
254580, 1
254580, 1
254582, 1
254582, 1
254581, 1
254581, 1
255128, 1
255214, 1
255214, 1
255214, 1
255214, 1
255329, 1
255417, 1
255417, 1
255637, 1
52044, 1
52402, 1
52402, 1
52482, 1
254163, 1
254492, 1
254555, 1
52859, 1
254930, 1
254930, 1
52117, 1
52111, 1
53969, 1
53969, 1
254653, 1
254653, 1
255341, 1
255341, 1
255681, 1
52484, 1
254681, 1
254681, 1
254736, 1
254736, 1
254736, 1
254736, 1
254736, 1
254736, 1
254831, 1
255483, 1
255663, 1
52057, 1
52057, 1
52057, 1
52057, 1
52057, 1
52057, 1
52057, 1
52057, 1
52552, 1
52552, 1
52552, 1
254578, 1
254578, 1
254936, 1
254936, 1
254180, 1
53976, 1
253431, 1
254959, 1
254959, 1
254959, 1
255679, 1
254624, 1
254624, 1
254624, 1
254624, 1
254624, 1
254624, 1
255153, 1
255153, 1
255153, 1
255153, 1
255217, 1
255217, 1
255217, 1
255217, 1
255217, 1
255217, 1
255217, 1
255217, 1
255217, 1
255217, 1
255589, 1
52473, 1
254616, 1
254646, 1
254737, 1
255036, 1
254494, 1
255024, 1
51913, 1
254142, 1
254142, 1
254912, 1
52259, 1
52259, 1
52259, 1
52736, 1
52736, 1
52736, 1
52736, 1
52736, 1
52736, 1
254128, 1
254128, 1
254128, 1
254481, 1
254679, 1
254679, 1
254679, 1
254679, 1
254764, 1
254764, 1
254903, 1
255057, 1
255057, 1
255073, 1
255086, 1
255086, 1
255086, 1
255086, 1
53071, 1
53071, 1
53071, 1
254150, 1
254150, 1
254524, 1
254536, 1
52114, 1
52114, 1
52114, 1
252998, 1
51838, 1
51838, 1
254695, 1
254695, 1
254747, 1
255345, 1